full_name,year,position,predicted_college_basic_bpr,hs_year,hs_position,hs_height,hs_height_in,hs_weight,hs_stars,hs_rating,hs_national_rank,hs_position_rank,hs_state_rank,hs_hometown_state,hs_school_fin
Dink Pate,2026,SG,1.185934163697935,2026,SG,6-8,80,210.0,4.0,95.0,109.0,15.0,6.0,NY,Providence
Tajh Ariza,2026,SF,3.2816453848808256,2026,SF,6-9,81,200.0,5.0,98.85141457692532,33.0,11.0,2.0,MO,Oregon
Taylen Kinney,2026,PG,3.850958450507526,2026,PG,6-1,73,185.0,5.0,99.26851217579349,21.0,3.0,1.0,GA,Kansas
Davion Adkins,2026,C,2.3945646152210824,2026,C,6-9,81,205.0,5.0,97.7496608507609,63.0,8.0,10.0,TX,Kansas
Austin Brown,2026,PF,0.4264061310624051,2026,PF,6-8,80,210.0,4.0,89.97054886211514,226.0,33.0,14.0,TX,Maryland
Prince-Alexander Moody,2026,CG,1.3232694544036334,2026,CG,6-4,76,180.0,4.0,94.85839903650276,111.0,12.0,4.0,MD,Indiana
Brayden Fogle,2026,SF,-0.6144611035818287,2026,SF,6-4,76,250.0,,,,,,OH,Georgia
Joe Philon,2026,PF,2.2695197761580874,2026,PF,6-8,80,180.0,5.0,97.89678222365494,57.0,10.0,9.0,FL,UCLA
EJ Hazelett,2026,SF,-0.34377124748608695,2026,SF,6-6,78,180.0,3.0,86.66666666666667,284.0,74.0,6.0,IL,Indiana State
Navon Shabazz,2026,CG,-0.6206683147262243,2026,CG,6-3,75,170.0,3.0,86.0,292.0,32.0,7.0,IA,Murray State
Junior County,2026,SG,2.986609807259954,2026,SG,6-4,76,180.0,5.0,98.5235926985534,39.0,7.0,2.0,UT,UConn
Luke Ertel,2026,PG,2.952333727154818,2026,PG,6-1,73,170.0,5.0,98.4344512945875,45.0,4.0,1.0,IN,Purdue
Andrew Jensen,2026,PF,-0.8000709432337894,2026,PF,6-9,81,205.0,,,,,,WI,DePaul
Nate Earl,2026,CG,-1.306615242429552,2026,CG,6-0,72,165.0,3.0,80.0,365.0,43.0,43.0,FL,__MISSING__
Willie Piggott,2026,CG,-2.0036881337997556,2026,CG,6-5,77,,,,,,,FL,__MISSING__
Wisdom Fode,2026,CG,-1.606343798102271,2026,CG,6-2,74,190.0,,,,,,IA,__MISSING__
Darius Bivins,2026,PG,2.0994559216651636,2026,PG,5-11,71,160.0,5.0,97.68715889197817,66.0,6.0,4.0,VA,Saint Mary's
Noah George,2026,CG,-1.6232505417713947,2026,CG,6-4,76,170.0,,,,,,AZ,Northern Arizona
Cameron Elwer,2026,PG,-1.1046661587556483,2026,PG,6-0,72,170.0,3.0,83.0,332.0,54.0,11.0,OH,Furman
James Turner,2026,PF,-1.6459312783557853,2026,PF,6-7,79,195.0,,,,,,KY,__MISSING__
Darius McGlashen,2026,PG,-1.6798184498953614,2026,PG,6-3,75,,,,,,,NC,__MISSING__
Colin Rice,2026,SF,1.647665976408401,2026,SF,6-7,79,180.0,5.0,97.08730126750032,85.0,31.0,2.0,IA,Nebraska
Josh Kori,2026,SG,-1.2433724607612417,2026,SG,6-4,76,180.0,3.0,81.0,355.0,63.0,11.0,MO,Kansas City
Javonte Floyd,2026,C,0.7855413173413756,2026,C,6-9,81,220.0,4.0,92.04819277108433,160.0,32.0,8.0,GA,UCLA
Jason Singleton,2026,CG,0.3756963942057058,2026,CG,6-4,76,175.0,4.0,91.30388219544847,173.0,21.0,8.0,OH,Harvard
Jyi Dawkins,2026,SG,-0.44490089393252874,2026,SG,6-3,75,175.0,3.0,85.0,304.0,54.0,15.0,NC,Wofford
Kingston Whitty,2026,PG,0.8996562877180747,2026,PG,6-2,74,165.0,4.0,90.29183400267738,210.0,27.0,9.0,NC,NC State
Xavier Blake,2026,SG,-0.058562456122221565,2026,SG,6-4,76,170.0,4.0,90.81793842034806,195.0,29.0,2.0,PA,Hofstra
Rider Portela,2026,SF,0.8404613090605798,2026,SF,6-6,78,175.0,4.0,95.2558729902889,105.0,39.0,10.0,AZ,Colorado
Josue Bwabwa,2026,C,-1.993437918300287,2026,C,6-9,81,,,,,,,FL,__MISSING__
Jacob Miller,2026,SF,-1.5616005837038232,2026,SF,6-7,79,240.0,,,,,,MO,__MISSING__
Zion Ibekwe,2026,SF,-1.4561647619433118,2026,SF,6-5,77,185.0,,,,,,TX,Hampton
Drew Haffner,2026,SG,-1.530534844476517,2026,SG,6-4,76,170.0,,,,,,IN,Abilene Christian
Brady Macadams,2026,SG,-1.1442175994922579,2026,SG,6-5,77,205.0,,,,,,PA,Marist
Jaden Shoultz,2026,CG,-0.6948962391349993,2026,CG,6-4,76,175.0,,,,,,MD,Richmond
Donovan Waleskowski,2026,PG,-0.855150998618852,2026,PG,6-5,77,205.0,,,,,,OH,South Florida
Latrell Allmond,2026,PF,3.217226710123789,2026,PF,6-8,80,225.0,5.0,98.80686626103073,34.0,7.0,2.0,VA,Oklahoma State
RJ Livingston,2026,PG,0.07983760751449101,2026,PG,6-2,74,160.0,4.0,92.06425702811244,120.0,15.0,1.0,FL,Texas State
Chris Birden,2026,PF,0.09944194098758083,2026,PF,6-8,80,190.0,,,,,,CT,Miami
Aidan Chronister,2026,SF,0.684585700899111,2026,SF,6-7,79,180.0,4.0,93.89449884263922,139.0,46.0,3.0,AR,Missouri
Gabe Weis,2026,SF,0.1693655079142982,2026,SF,6-6,78,170.0,4.0,89.96251673360108,228.0,65.0,7.0,IN,Western Kentucky
Kayden Allen,2026,SF,1.8426621525967446,2026,SF,6-5,77,205.0,5.0,97.47538649581604,73.0,28.0,5.0,FL,Georgia Tech
Anthony Brown,2026,PG,1.9537517538068736,2026,PG,6-1,73,160.0,5.0,97.33484663290845,79.0,9.0,1.0,DC,Vanderbilt
LaTrevion Fenderson,2026,SF,0.9288091238325222,2026,SF,6-5,77,205.0,4.0,90.22289156626506,213.0,61.0,3.0,WI,Wisconsin
Baba Oladotun,2026,SF,4.151590226564105,2026,SF,6-10,82,195.0,5.0,99.67217812162808,9.0,4.0,1.0,MD,Maryland
Steven Reynolds,2026,SG,-0.013534180156585493,2026,SG,6-5,77,170.0,4.0,91.17001338688085,177.0,26.0,10.0,TX,California Baptist
Miles Sadler,2026,PG,3.998416223910488,2026,PG,5-10,70,165.0,5.0,99.37775628713291,18.0,2.0,2.0,AZ,West Virginia
Justin Curry,2026,SG,-0.33470099304361567,2026,SG,6-3,75,170.0,3.0,83.0,332.0,58.0,12.0,IN,Valparaiso
MJ Madison,2026,PF,-1.0041694651129403,2026,PF,6-9,81,215.0,4.0,89.7429718875502,239.0,35.0,35.0,FL,McNeese
Asher Elson,2026,PF,0.7431469326912098,2026,PF,6-10,82,180.0,4.0,93.93399685699319,136.0,21.0,6.0,GA,Xavier
Bryce Dixon,2026,SF,-0.751580412990027,2026,SF,6-5,77,175.0,3.0,85.0,304.0,76.0,25.0,TX,Louisiana Tech
Tarris Bouie,2026,SF,2.512346067241461,2026,SF,6-6,78,170.0,5.0,98.27389826865992,48.0,17.0,2.0,OH,Alabama
Styles Clemmons,2026,PG,0.4566508599734271,2026,PG,6-2,74,175.0,4.0,89.39357429718875,251.0,33.0,15.0,GA,Utah
Adonis Ratliff,2026,PF,3.3525379384927008,2026,PF,6-11,83,215.0,5.0,99.28409289331238,19.0,4.0,2.0,NY,USC
Eric Hillsman,2026,SF,-0.6754142418303232,2026,SF,6-6,78,180.0,4.0,90.190093708166,215.0,63.0,4.0,NJ,__MISSING__
Bryce Mella,2026,SG,-1.4500819188225242,2026,SG,6-4,76,180.0,,,,,,UT,__MISSING__
Archie McFadden,2026,PG,-1.3110587929916884,2026,PG,6-2,74,175.0,3.0,83.5,331.0,53.0,41.0,FL,__MISSING__
Zavier Zens,2026,PF,1.3621212210469757,2026,PF,6-7,79,215.0,4.0,95.26923748505729,104.0,16.0,1.0,WI,Illinois
Jordan Charles,2026,PG,-0.5686605296626569,2026,PG,6-0,72,165.0,3.0,86.0,292.0,44.0,18.0,AZ,UC Santa Barbara
Caden Symons,2026,SG,-1.0621978227538724,2026,SG,6-5,77,190.0,3.0,83.0,332.0,58.0,1.0,ID,Evansville
Jamese Jordan,2026,C,-1.65753771167539,2026,C,6-10,82,240.0,,,,,,VA,__MISSING__
Anthony Granger,2026,PF,-0.671940532038877,2026,PF,6-8,80,,,,,,,AZ,Fresno State
Dreylan Creasy,2026,SF,0.1955431571198254,2026,SF,6-7,79,185.0,4.0,93.97590361445783,134.0,45.0,7.0,VA,East Carolina
Michael Nee,2026,SG,-0.8324666786248354,2026,SG,6-1,73,170.0,3.0,86.5,286.0,52.0,7.0,IL,South Dakota
Noah Lewis,2026,PF,-1.6500793651633205,2026,PF,6-6,78,205.0,,,,,,WV,__MISSING__
LJ Rush,2026,PG,-1.468304011916134,2026,PG,5-10,70,168.0,,,,,,NC,__MISSING__
Khalib Norcome,2026,SG,-1.480710958920192,2026,SG,6-5,77,180.0,,,,,,MD,__MISSING__
Cash Chism,2026,CG,-0.8985402123981918,2026,CG,6-2,74,170.0,,,,,,TX,Vermont
Ralph Scott,2026,SF,1.9830071867244379,2026,SF,6-8,80,190.0,5.0,97.54455950893878,70.0,26.0,12.0,FL,Tennessee
Devin Wright,2026,CG,-1.6455619176567338,2026,CG,6-1,73,190.0,,,,,,CA,__MISSING__
Zak Smrekar,2026,SF,-0.9686932604204993,2026,SF,6-7,79,195.0,,,,,,SLOV,Boston College
Drew Paine,2026,PF,-1.1583981361166975,2026,PF,6-8,80,215.0,,,,,,CO,Northern Colorado
Will Openshaw,2026,PF,-0.5147266273272746,2026,PF,6-10,82,195.0,,,,,,UT,BYU
Jayon Alexander,2026,SG,-1.3711645907484746,2026,SG,6-2,74,180.0,,,,,,OH,The Citadel
Michael Parlow,2026,CG,-1.7633011269103607,2026,CG,6-3,75,170.0,,,,,,MD,__MISSING__
Kyler Theophile,2026,SF,-1.6297457859815498,2026,SF,6-5,77,195.0,,,,,,FL,Kennesaw State
Mykel Bruce-McCrommon,2026,SF,-1.4029753087716537,2026,SF,6-7,79,175.0,,,,,,PA,Kansas City
Tahj Martin,2026,CG,-1.0046842582074766,2026,CG,6-2,74,,,,,,,MD,Wright State
Oliver Kanden,2026,SF,-0.8507671154238878,2026,SF,6-7,79,,,,,,,FINL,Pepperdine
Talan Staley,2026,SG,-1.3506214109401764,2026,SG,6-3,75,185.0,,,,,,SC,Bowling Green
Arturas Butajevas,2026,C,-0.09385932815845158,2026,C,6-9,81,,,,,,,LITH,Florida
RJ Luis Jr.,2026,SF,2.525011999727104,2026,SF,6-7,79,215.0,5.0,98.0,3.0,1.0,1.0,FL,UMass
Jamison White,2026,PF,0.07578175654712697,2026,PF,6-7,79,215.0,4.0,89.62382864792504,246.0,37.0,2.0,IL,Saint Louis
Will Goode,2026,PF,-1.2038567548635306,2026,PF,6-9,81,230.0,3.0,83.0,332.0,54.0,2.0,KS,Kansas City
Emmanuel Butts,2026,PF,-1.656058621993115,2026,PF,6-6,78,195.0,,,,,,PA,__MISSING__
Jonas Oware,2026,C,-0.5274866168208978,2026,C,6-8,80,200.0,,,,,,CA,Yale
Dhani Miller,2026,SG,0.3813449089015318,2026,SG,6-2,74,185.0,4.0,96.87311117379215,89.0,12.0,15.0,FL,Kent State
Chad Cook,2026,C,-0.7368407978801415,2026,C,6-8,80,220.0,,,,,,SC,Richmond
Eli Herbert,2026,SG,-0.8889279569751082,2026,SG,6-1,73,150.0,3.0,84.5,319.0,57.0,9.0,MO,Liberty
Drew Corrao,2026,PF,-1.7150422893310175,2026,PF,6-9,81,190.0,,,,,,PA,__MISSING__
Felipe Minzer,2026,SF,-1.157255330394752,2026,SF,6-6,78,200.0,,,,,,ARGE,Austin Peay
David Ugonna Ike,2026,C,-0.8162771094842916,2026,C,6-11,83,,,,,,,SOUT,Georgia
Keriawn Berry,2026,SF,-0.46575130008635474,2026,SF,6-5,77,200.0,4.0,91.29718875502007,174.0,50.0,6.0,IN,Kennesaw State
Luke West,2026,SG,-1.4660947736497334,2026,SG,6-1,73,170.0,,,,,,UT,Utah Tech
Mason Lockett,2026,SG,-0.8992822498520296,2026,SG,6-4,76,,,,,,,IL,DePaul
Jared Thompson,2026,SG,-1.5849416360953776,2026,SG,6-3,75,170.0,,,,,,FL,__MISSING__
Joustin Reyes,2026,SF,-1.585464332538149,2026,SF,6-6,78,185.0,3.0,80.0,365.0,89.0,29.0,CA,__MISSING__
Devan Kirk,2026,SF,-1.5309515113954515,2026,SF,6-5,77,175.0,,,,,,TX,Towson
Nehemiah Lawrence,2026,PG,-1.4550581592343204,2026,PG,5-3,63,150.0,,,,,,TX,Hampton
Josiah Johnson,2026,PG,1.2421069862673366,2026,PG,6-3,75,185.0,5.0,97.13216298863234,83.0,10.0,7.0,CA,UC Irvine
Ethan Harris,2026,PF,1.3146493851331524,2026,PF,6-9,81,200.0,4.0,94.56248181130319,114.0,19.0,2.0,WA,Iowa
DeMarcus Surratt,2026,SG,-1.3614584683055035,2026,SG,6-3,75,165.0,,,,,,KY,Bellarmine
Dovydas Buika,2026,SG,-1.6715847075165464,2026,SG,6-5,77,,,,,,,LITH,__MISSING__
Trent Egbiremolen,2026,CG,-0.8567207356923372,2026,CG,6-5,77,190.0,,,,,,FL,Siena
Drew Harris,2026,SF,-1.4053246057910942,2026,SF,6-7,79,190.0,,,,,,MD,Brown
Eric Turner,2026,CG,-1.6807372471444728,2026,CG,6-3,75,,,,,,,DC,Hampton
Daniel Patton,2026,PF,-0.1994937585218478,2026,PF,6-7,79,205.0,3.0,87.0,278.0,43.0,16.0,TX,Ole Miss
DJ Jackson,2026,PG,-1.1463259658982028,2026,PG,6-2,74,180.0,3.0,81.0,355.0,62.0,4.0,KS,Kansas City
Mark Morano Mahmutovic,2026,SF,0.8268061154523312,2026,SF,6-7,79,,4.0,92.0,161.0,47.0,5.0,SLOV,Syracuse
Ajak Nyuon,2026,PF,-0.5186673455838486,2026,PF,6-10,82,195.0,,,,,,VC,Arizona State
Jordan Ghee,2026,CG,-1.1172627886333044,2026,CG,6-5,77,,,,,,,CT,Boston College
Braylen Langley,2026,PF,-0.3283556622978907,2026,PF,6-9,81,195.0,4.0,92.73092369477912,155.0,26.0,12.0,AZ,__MISSING__
Brannon Martinsen,2026,SF,-0.36183413419794735,2026,SF,6-6,78,205.0,4.0,90.88888888888887,190.0,54.0,20.0,CA,San Diego
Brandon McCoy Jr.,2026,SG,4.375407537745258,2026,SG,6-5,77,190.0,5.0,99.66770090395026,10.0,2.0,3.0,CA,Michigan
Cameron Williams,2026,PF,5.501552104333398,2026,PF,6-11,83,200.0,5.0,99.87065318128703,4.0,1.0,1.0,AZ,Duke
Elias Obenyah,2026,CG,0.721382968397732,2026,CG,6-4,76,195.0,4.0,93.83187152176151,142.0,17.0,15.0,CA,Stanford
Elton James,2026,PF,-1.5008229302156173,2026,PF,6-7,79,200.0,,,,,,NC,Georgia Southern
Qayden Samuels,2026,SF,3.408165848341413,2026,SF,6-5,77,210.0,5.0,99.0410247455821,28.0,10.0,2.0,MD,Alabama
Jordan Sigmon,2026,PG,0.03712795749406997,2026,PG,5-11,71,160.0,4.0,90.8433734939759,193.0,23.0,4.0,IA,Western Michigan
Imahri Wooten,2026,SF,0.4993727682783088,2026,SF,6-5,77,180.0,4.0,90.29986613119144,209.0,60.0,10.0,NY,Rutgers
Jayvon Rampersant,2026,PF,-1.724401137003061,2026,PF,6-8,80,210.0,,,,,,NJ,__MISSING__
Lattimore Ford,2026,SF,0.4575692479206646,2026,SF,6-6,78,185.0,4.0,89.96586345381526,227.0,64.0,13.0,NC,Washington
Alex Egbuonu,2026,SF,1.3523677747248821,2026,SF,6-6,78,220.0,4.0,96.91568951390848,88.0,33.0,4.0,MA,Marquette
Luka Ioannisci,2026,SF,-1.6676207638861404,2026,SF,6-6,78,175.0,,,,,,NY,__MISSING__
Hakeem Weems,2026,C,-0.37786471167666696,2026,C,6-9,81,170.0,4.0,89.34136546184739,253.0,40.0,36.0,FL,Georgia
Jermel Thomas,2026,PG,0.5916235037347378,2026,PG,6-2,74,170.0,4.0,91.11646586345381,178.0,20.0,8.0,NY,Saint Louis
Zamir Paschal,2026,PG,0.13111193822785455,2026,PG,6-1,73,180.0,4.0,91.06425702811245,183.0,21.0,1.0,OR,Loyola Marymount
Jaylohn Allen,2026,CG,-0.9862312763757942,2026,CG,6-1,73,170.0,3.0,82.0,337.0,39.0,3.0,MI,Toledo
James Sanderson,2026,PG,-0.49562023631549396,2026,PG,6-1,73,165.0,3.0,82.0,337.0,55.0,2.0,NH,Louisiana Tech
Lance Barnes,2026,CG,-0.6632378096723215,2026,CG,6-3,75,170.0,3.0,85.0,304.0,37.0,1.0,SC,Charlotte
Samuel Mbingazo,2026,C,-1.7076080115788776,2026,C,6-9,81,230.0,,,,,,IA,__MISSING__
Franck Belibi,2026,SG,0.29796175926443985,2026,SG,6-2,74,180.0,4.0,89.69477911646585,243.0,41.0,1.0,CO,Pacific
Parker Spees,2026,SG,-1.6375935341967378,2026,SG,6-9,81,190.0,,,,,,CA,__MISSING__
Parrish Edmond,2026,SF,-1.6288308843955328,2026,SF,6-6,78,175.0,,,,,,CT,__MISSING__
Gage Mayfield,2026,PF,2.3192019117639493,2026,PF,6-7,79,200.0,5.0,97.15423567178412,82.0,12.0,1.0,AL,Oklahoma
Cole Edelen,2026,PG,-0.8500945889507571,2026,PG,6-2,74,175.0,3.0,86.0,292.0,44.0,2.0,KY,Fairfield
Josh Pratt,2026,PG,-0.9809948114221246,2026,PG,6-1,73,170.0,3.0,84.0,321.0,50.0,6.0,PA,Columbia
Sayon Keita,2026,C,2.61700843927075,2026,C,6-11,83,215.0,5.0,98.0,54.0,6.0,1.0,SPAI,North Carolina
Torrey Brooks Jr.,2026,PG,-0.09231856819783925,2026,PG,6-1,73,165.0,4.0,92.3293172690763,159.0,16.0,13.0,AZ,Monmouth
Boyuan Zhang,2026,SF,2.478034939413762,2026,SF,6-8,80,205.0,5.0,98.24479635375393,49.0,18.0,5.0,CA,Louisville
Ernas Valauskas,2026,SG,-1.2124685766854435,2026,SG,6-4,76,170.0,,,,,,TN,Dartmouth
Carter Fisk,2026,CG,-1.6788598026942612,2026,CG,6-2,74,175.0,,,,,,MD,__MISSING__
Robbie Long,2026,CG,-1.724885603728979,2026,CG,6-3,75,,,,,,,OR,Loyola Maryland
Akim Iscandari,2026,PG,-0.8276809818148364,2026,PG,6-0,72,180.0,,,,,,VA,Navy
Christian Matos,2026,PG,-1.2759197937976556,2026,PG,6-2,74,170.0,,,,,,KS,Chattanooga
Keoni Sacco,2026,PF,-0.8288705528431336,2026,PF,6-8,80,210.0,,,,,,VA,Saint Joseph's
Nathan Ramus,2026,PG,-1.2641474307837226,2026,PG,6-1,73,180.0,,,,,,WI,Northern Illinois
Maximo Adams,2026,SF,3.314995834703103,2026,SF,6-7,79,205.0,5.0,99.13240475838694,25.0,8.0,4.0,CA,North Carolina
Quincy Wadley,2026,SG,2.636087632514622,2026,SG,6-4,76,185.0,5.0,98.16017693964261,52.0,9.0,6.0,AZ,Oklahoma
Che Brogan,2026,SF,-1.1193648411238302,2026,SF,6-5,77,170.0,,,,,,CA,Ohio
DaKari Spear,2026,SG,3.241333368007985,2026,SG,6-5,77,190.0,5.0,99.0231606470475,29.0,5.0,3.0,TX,Texas Tech
Christian Collins,2026,PF,4.2331857260583465,2026,PF,6-8,80,200.0,5.0,99.74797741691403,7.0,2.0,2.0,CA,USC
Cameron Ryans,2026,SF,-0.4250056299701559,2026,SF,6-5,77,175.0,3.0,88.88152610441767,265.0,71.0,1.0,MI,Austin Peay
Ladarius Givan,2026,C,0.06159374266941943,2026,C,6-8,80,215.0,4.0,89.76974564926373,237.0,39.0,12.0,VA,UCF
Tristen Wilson,2026,CG,-1.6788598026942612,2026,CG,6-2,74,175.0,,,,,,MD,__MISSING__
Anthony Felesi,2026,SF,3.003764638647074,2026,SF,6-5,77,205.0,5.0,98.68199665999562,36.0,13.0,1.0,UT,Oklahoma State
Jahadi White Jr.,2026,C,-1.3757135734191803,2026,C,6-8,80,220.0,3.0,87.33333333333333,277.0,42.0,4.0,IL,__MISSING__
Dezhon Hall,2026,PG,-0.9123664458350405,2026,PG,6-3,75,185.0,3.0,88.12048192771084,270.0,39.0,10.0,IN,__MISSING__
Yohance Connor,2026,CG,0.6579212332900461,2026,CG,6-2,74,170.0,4.0,91.10843373493977,179.0,22.0,7.0,NC,Ole Miss
Vincent Osazee,2026,PF,-0.9919994009105182,2026,PF,6-7,79,,,,,,,MA,Pacific
Gallagher Placide,2026,PF,1.0721774628353677,2026,PF,6-8,80,205.0,4.0,96.616880006089,97.0,14.0,7.0,TX,Wake Forest
Ethan Brown,2026,CG,0.8973116111384096,2026,CG,6-4,76,180.0,4.0,90.51539491298529,204.0,25.0,8.0,MO,Illinois
JoJo Mitchell,2026,PG,-0.7583017731375244,2026,PG,6-1,73,170.0,,,,,,MN,St. Thomas
Will Stevens,2026,C,0.4207198791894946,2026,C,6-10,82,200.0,4.0,93.37145236464251,147.0,26.0,3.0,NC,Clemson
Obinna Ekezie Jr.,2026,C,4.126414099930503,2026,C,7-0,84,220.0,5.0,99.55393480275616,14.0,1.0,3.0,FL,Louisville
Ethan Johnston,2026,SG,0.9870364121387469,2026,SG,6-6,78,185.0,4.0,90.53815261044177,201.0,30.0,3.0,PA,Marquette
Cody Peck,2026,C,1.1303602288862813,2026,C,6-10,82,205.0,4.0,96.44302964365825,99.0,15.0,2.0,NC,Dayton
Josh Powell,2026,SF,-1.6811827125377927,2026,SF,6-5,77,190.0,,,,,,CA,__MISSING__
Silas Rodriguez,2026,SG,-1.2166938672696126,2026,SG,6-2,74,180.0,,,,,,TX,UT Tyler
Keyshawn Summerville,2026,PG,-1.5844636873683042,2026,PG,5-10,70,,,,,,,MI,__MISSING__
Jacob Williford,2026,SF,-1.4496150195465216,2026,SF,6-4,76,185.0,3.0,84.0,321.0,80.0,21.0,AZ,__MISSING__
Darnell Lloyd,2026,C,-1.1029901746017152,2026,C,6-9,81,195.0,3.0,84.0,321.0,44.0,6.0,PA,Boston University
Darren Moore,2026,PG,-0.8195281025468504,2026,PG,6-1,73,170.0,3.0,80.0,508.0,67.0,12.0,MD,South Florida
Jerry Johnson,2026,SG,-1.5806886532463567,2026,SG,6-4,76,165.0,,,,,,PA,__MISSING__
Gavin Lowe,2026,PG,-1.0402352124497327,2026,PG,5-11,71,160.0,,,,,,UT,UC Irvine
Theo Edema,2026,C,2.150638397978485,2026,C,6-11,83,235.0,5.0,97.33972680017729,77.0,13.0,3.0,MA,St. John's
Jemai Lake,2026,CG,-0.6460893540005237,2026,CG,6-2,74,170.0,3.0,86.0,292.0,32.0,2.0,OR,Montana
Denton Forsythe,2026,PG,-0.6237065994624892,2026,PG,6-1,73,185.0,3.0,85.0,304.0,46.0,5.0,OK,Tulsa
Jaden Bailes,2026,CG,-1.4389463764240213,2026,CG,6-2,74,185.0,3.0,85.0,304.0,37.0,27.0,CA,Seattle
Lamin Foon,2026,C,-1.401669475631381,2026,C,6-11,83,205.0,,,,,,TX,Texas A&M Corpus Christi
Jack Kayil,2026,CG,0.8486862530567629,2026,CG,6-5,77,185.0,4.0,92.0,161.0,19.0,5.0,GERM,Gonzaga
Anthony Hester,2026,SG,-1.0743167844975245,2026,SG,6-6,78,200.0,,,,,,AR,Arkansas State
Simeon Suguturaga,2026,SG,0.049480423550000235,2026,SG,6-4,76,200.0,,,,,,UT,Utah
Antoine Almuttar,2026,SF,-1.2671640404473201,2026,SF,6-4,76,210.0,,,,,,TX,Northwestern State
Narcisse Ngoy,2026,C,-0.5132417642646361,2026,C,6-10,82,,,,,,,FRAN,Auburn
Roko Prkacin,2026,PF,-0.47856752615089,2026,PF,6-9,81,225.0,,,,,,CROA,Penn State
Francois Wibaut,2026,SF,-0.2665398256665025,2026,SF,6-6,78,205.0,,,,,,FRAN,Penn State
Deron Rippey Jr.,2026,PG,4.846124851719755,2026,PG,6-2,74,175.0,5.0,99.58742439098647,12.0,1.0,1.0,NJ,Duke
Sinan Huan,2026,C,2.360294621841469,2026,C,7-0,84,225.0,5.0,97.61592635872364,67.0,11.0,3.0,MD,Purdue
Jonathan Sanderson,2026,PG,2.2476814401644813,2026,PG,6-2,74,170.0,5.0,97.44874705063285,75.0,7.0,3.0,IN,Notre Dame
Ashton Pierce,2026,SG,-0.5323066870402955,2026,SG,6-3,75,170.0,4.0,89.53012048192771,248.0,43.0,14.0,NC,Sacramento State
Kosi Mgbejiofor,2026,C,-1.7561620961730464,2026,C,6-10,82,205.0,,,,,,VA,__MISSING__
Isaiah Rogers,2026,CG,0.8037992265306053,2026,CG,6-2,74,165.0,4.0,94.54817262360478,115.0,13.0,9.0,CA,Stanford
DJ Ogoemeka,2026,C,-1.7008771222485866,2026,C,7-0,84,220.0,,,,,,UT,__MISSING__
Dorion Bowen,2026,CG,-1.6998003895432183,2026,CG,6-5,77,185.0,,,,,,TN,__MISSING__
Luca Foster,2026,SF,2.503075988529292,2026,SF,6-5,77,185.0,5.0,98.15117773211016,53.0,20.0,5.0,MO,Gonzaga
Josh Manchester,2026,CG,0.20815982936254604,2026,CG,6-2,74,160.0,,,,,,WI,Wisconsin
Caeden Hutcherson,2026,SG,-1.3564045729390153,2026,SG,6-5,77,180.0,3.0,85.0,304.0,54.0,19.0,AZ,__MISSING__
Trevon Carter-Givens,2026,C,0.6659547180697577,2026,C,6-11,83,190.0,4.0,93.85776774881019,141.0,23.0,14.0,CA,Creighton
Adam Tyson,2026,SF,-0.7773048307821465,2026,SF,6-6,78,180.0,4.0,90.84203480589024,194.0,55.0,22.0,CA,__MISSING__
Preston Wade,2026,PF,-0.39988783568825154,2026,PF,6-9,81,205.0,4.0,93.90810958437987,138.0,23.0,25.0,FL,__MISSING__
Sam Hallas,2026,PF,-1.7574886982603692,2026,PF,6-7,79,200.0,,,,,,FL,__MISSING__
Favour Ibe,2026,C,0.9077477777449658,2026,C,7-1,85,235.0,4.0,93.6217556961402,143.0,24.0,5.0,MD,Virginia
Abdou Toure,2026,SF,4.154522089776498,2026,SF,6-5,77,200.0,5.0,99.56732168361293,13.0,5.0,1.0,CT,Arkansas
Jalyn Collingwood,2026,SF,1.054684137441525,2026,SF,6-5,77,190.0,4.0,94.20494911642108,125.0,43.0,2.0,DC,Mississippi State
Rajan Roberts,2026,PG,0.30222266591477914,2026,PG,6-1,73,170.0,3.0,88.70080321285141,266.0,37.0,16.0,AZ,Valparaiso
John Mattingly,2026,PG,-0.43935548969453825,2026,PG,6-0,72,175.0,3.0,82.0,337.0,55.0,22.0,AZ,Nevada
Heimir Helgason,2026,PF,-0.747142022245213,2026,PF,6-9,81,190.0,,,,,,FL,UMass
Kuol Deng,2026,C,-0.9044573363471243,2026,C,6-10,82,210.0,4.0,89.80722891566263,235.0,38.0,11.0,VA,__MISSING__
Adrian Montague,2026,PG,-1.5539411801405831,2026,PG,5-10,70,165.0,,,,,,OR,__MISSING__
Marcus Vaughns,2026,SF,0.68183988966648,2026,SF,6-8,80,221.0,4.0,91.5,169.0,48.0,7.0,AUST,LSU
Kenneth Francis Jr.,2026,SG,-1.315906519091178,2026,SG,6-5,77,190.0,,,,,,FL,Brown
Manu Manciel,2026,SG,-0.2518608093029726,2026,SG,6-3,75,180.0,4.0,89.93574297188756,230.0,35.0,8.0,UT,Stephen F. Austin
Jaxson Thompson,2026,CG,-0.9633370325378726,2026,CG,6-1,73,165.0,3.0,86.0,292.0,32.0,19.0,TX,Rice
Collin Ross,2026,PF,1.0688083837121771,2026,PF,6-9,81,200.0,4.0,95.19231888535188,107.0,17.0,7.0,OH,VCU
Mikehi Williams,2026,SF,-1.495184394796594,2026,SF,6-5,77,210.0,,,,,,GA,Cornell
Alex Davis,2026,C,-1.8207979328703374,2026,C,6-8,80,205.0,,,,,,FL,__MISSING__
Jayden Slaughter,2026,SF,-1.604989760775523,2026,SF,6-5,77,180.0,,,,,,AR,__MISSING__
Cahlil Jones,2026,PG,-1.3633759453221477,2026,PG,6-2,74,185.0,,,,,,WI,__MISSING__
Malachi Brown,2026,SF,1.0455494937195522,2026,SF,6-5,77,185.0,4.0,91.06827309236948,182.0,52.0,5.0,TN,Michigan
Madden Smiley,2026,CG,-1.00064931331598,2026,CG,6-4,76,180.0,,,,,,CO,Wyoming
Cam Hailey,2026,PG,-0.41237505344001296,2026,PG,5-11,71,175.0,,,,,,MA,UMass
Lyndell Buckingham Jr.,2026,CG,-1.7717797000345976,2026,CG,6-2,74,170.0,,,,,,TX,Jacksonville
Shia Francis,2026,SG,-1.4546872902097012,2026,SG,6-1,73,195.0,,,,,,TX,Eastern Illinois
Vuk Lazarevic,2026,C,0.2030200894502305,2026,C,7-1,85,200.0,,,,,,SERB,Ohio State
Mathias Alessanco,2026,PF,-1.7309205733873338,2026,PF,6-8,80,235.0,,,,,,GA,__MISSING__
Armon Almuttar,2026,SF,-1.2671640404473201,2026,SF,6-4,76,210.0,,,,,,TX,Northwestern State
Cameron Love,2026,SF,-1.0989561979070277,2026,SF,6-4,76,180.0,3.0,82.0,337.0,85.0,3.0,KS,Kansas City
Lazar Stojkovic,2026,PF,-0.6771896878252218,2026,PF,6-10,82,,,,,,,SERB,St. John's
Alexandros Alexakis,2026,SG,-1.3275812828783418,2026,SG,6-3,75,185.0,,,,,,CA,High Point
Jeremy Nyakundi,2026,PF,-1.45260139285809,2026,PF,6-7,79,220.0,,,,,,TX,Arkansas-Pine Bluff
Endurance Aiyamenkhue,2026,C,0.6751348975940864,2026,C,6-11,83,200.0,,,,,,NETH,Arizona
Bryson Warren,2026,CG,1.038417852911895,2026,CG,6-3,75,191.0,4.0,95.0,109.0,11.0,6.0,NY,Texas A&M
Bo Ogden,2026,SF,2.7681022454682576,2026,SF,6-5,77,195.0,5.0,98.43883896791176,44.0,16.0,5.0,TX,Texas
Isaiah Ward,2026,PF,-0.9253196544945206,2026,PF,6-6,78,185.0,3.0,86.44444444444444,290.0,47.0,18.0,TX,UTEP
Alex Barther,2026,SG,-1.4440904299025825,2026,SG,6-4,76,165.0,3.0,85.44444444444444,303.0,53.0,24.0,TX,__MISSING__
Cole Cloer,2026,SF,0.826501182076073,2026,SF,6-7,79,190.0,4.0,96.74358974358974,93.0,35.0,17.0,FL,NC State
JJ Andrews,2026,SF,4.01870328013492,2026,SF,6-6,78,220.0,5.0,99.48485133398701,16.0,6.0,1.0,AR,Arkansas
Dylan Mingo,2026,CG,3.995332454218894,2026,CG,6-5,77,190.0,5.0,99.65874646859454,11.0,3.0,1.0,NY,Baylor
Lincoln Cosby,2026,SF,2.8665462161586053,2026,SF,6-8,80,195.0,5.0,98.45889690310854,42.0,15.0,8.0,FL,Michigan
Ikenna Alozie,2026,CG,2.6985593867751296,2026,CG,6-2,74,185.0,5.0,98.43207836921823,46.0,6.0,5.0,AZ,Houston
Dean Rueckert,2026,SF,1.6272479333536352,2026,SF,6-8,80,179.0,5.0,97.28353771832035,80.0,30.0,4.0,UT,BYU
Silas Devonish,2026,PG,-1.5228291353817403,2026,PG,5-9,69,155.0,,,,,,VA,__MISSING__
Moustapha Diop,2026,C,0.7860189845491116,2026,C,6-10,82,215.0,4.0,94.32147318370473,121.0,19.0,5.0,GA,Georgia Tech
Al'Tariq Reevey,2026,C,-1.2193995594636797,2026,C,6-8,80,200.0,3.0,87.8888888888889,274.0,41.0,5.0,NJ,__MISSING__
Cedric Tomes,2026,PG,0.2107806083880649,2026,PG,6-0,72,160.0,3.0,88.0,272.0,41.0,6.0,MN,Minnesota
Jamyn Sodrup,2026,C,-1.712851182808206,2026,C,6-9,81,210.0,,,,,,UT,__MISSING__
Brennan Miller,2026,PF,-1.2353318057786715,2026,PF,6-7,79,210.0,3.0,81.0,355.0,57.0,13.0,IN,SIU Edwardsville
Ethan Sheats,2026,PF,-1.4702075347776968,2026,PF,6-8,80,185.0,,,,,,TX,Omaha
Symon Ghai,2026,C,0.3038584604290665,2026,C,7-3,87,210.0,4.0,91.92976588628763,163.0,33.0,28.0,FL,Northwestern
Keonte Greybear,2026,CG,0.8059742428733041,2026,CG,6-2,74,180.0,4.0,90.35341365461848,208.0,27.0,12.0,TX,West Virginia
Anthony Spencer,2026,C,-1.6659376667957269,2026,C,6-8,80,185.0,3.0,82.0,337.0,47.0,30.0,TX,__MISSING__
Cello Jackson,2026,SF,0.649758538807955,2026,SF,6-4,76,205.0,4.0,90.94243641231593,188.0,53.0,32.0,FL,Memphis
Aziz Olajuwon,2026,SF,1.8963988747289888,2026,SF,6-7,79,210.0,5.0,97.56904988963659,69.0,25.0,11.0,FL,Stanford
Aliou Dioum,2026,C,1.1419472585638208,2026,C,6-10,82,200.0,4.0,93.45492561102827,145.0,25.0,11.0,AZ,West Virginia
Vaughn Karvala,2026,SF,2.3366174681025815,2026,SF,6-6,78,180.0,5.0,97.79653731984796,61.0,23.0,7.0,AZ,Indiana
Lucas Morillo,2026,SG,2.713502183429725,2026,SG,6-7,79,180.0,5.0,98.38081422680689,47.0,8.0,2.0,MA,Illinois
Keeper Jackson,2026,PF,0.08191464568219213,2026,PF,6-8,80,215.0,4.0,89.2008032128514,257.0,40.0,7.0,TN,Georgia State
Jasiah Cannady,2026,PG,-0.33629168410768356,2026,PG,6-1,73,170.0,4.0,89.62248995983936,247.0,32.0,8.0,MD,UMass Lowell
Jayson Peterson,2026,PF,-0.08967365724768175,2026,PF,6-8,80,205.0,4.0,89.8855421686747,232.0,34.0,7.0,MD,UTSA
Trey Pearson,2026,PG,-0.11583403343431277,2026,PG,6-2,74,170.0,4.0,91.3748326639893,171.0,18.0,4.0,TN,High Point
Desmond Bellot,2026,SG,-0.19137695478351646,2026,SG,6-3,75,170.0,4.0,90.18072289156626,216.0,32.0,8.0,MA,Fordham
Ben Akoro,2026,PF,-1.8818758764762946,2026,PF,6-7,79,,,,,,,IL,__MISSING__
Tre Paulding,2026,SF,-0.20708950536485188,2026,SF,6-5,77,200.0,,,,,,MO,Drexel
Jonny Jordan,2026,PG,-1.0898170243655654,2026,PG,6-3,75,175.0,3.0,82.0,337.0,55.0,10.0,MO,Omaha
Reece Davidson,2026,PF,-0.828369894915616,2026,PF,6-7,79,220.0,3.0,86.0,292.0,49.0,2.0,KY,Liberty
Adonai Tyrance,2026,PF,-1.7376839708168719,2026,PF,6-7,79,195.0,,,,,,NC,__MISSING__
Jordan Williams,2026,SF,-0.7117677697775608,2026,SF,6-6,78,200.0,3.0,84.0,321.0,80.0,9.0,IL,Illinois State
Rashan Porter,2026,PF,-1.7376839708168719,2026,PF,6-7,79,205.0,,,,,,IL,__MISSING__
Trevor Manhertz,2026,SF,2.3196885071267794,2026,SF,6-8,80,185.0,5.0,97.46204438713606,74.0,29.0,1.0,NC,Indiana
Sawyer Dotson,2026,PF,-1.3479096552699779,2026,PF,6-7,79,200.0,3.0,84.5,319.0,53.0,27.0,TX,Lipscomb
Lane Webster,2026,PF,-1.6699742202103753,2026,PF,6-8,80,205.0,,,,,,AR,__MISSING__
Cheick Sylla,2026,C,-0.8883483329815889,2026,C,6-9,81,240.0,,,,,,ME,UMass
Miles Flemons,2026,C,-0.9602888673304901,2026,C,6-7,79,255.0,3.0,85.0,304.0,43.0,5.0,OK,Drake
Tayshaun Williams,2026,SG,-1.5252381458768485,2026,SG,6-4,76,180.0,,,,,,TX,__MISSING__
Blake Ellwein,2026,PF,-0.5615454836670535,2026,PF,6-9,81,230.0,,,,,,SD,South Dakota State
Trace Westercamp,2026,PF,-1.4455191231332303,2026,PF,6-9,81,195.0,,,,,,FL,Florida Gulf Coast
Malik Gillespie,2026,CG,-0.3724076720751835,2026,CG,6-2,74,175.0,,,,,,GA,Morehead State
Rylan Kelly,2026,SG,-0.7541414876030718,2026,SG,6-3,75,185.0,,,,,,TX,Sam Houston
Cameron Brown,2026,SG,-1.4987096065236145,2026,SG,6-6,78,200.0,,,,,,TN,__MISSING__
Haiden Harper,2026,PG,-0.331042130234912,2026,PG,6-1,73,155.0,,,,,,AL,Georgia Tech
Quinn Ellis,2026,PG,-0.1221545678293842,2026,PG,6-4,76,172.0,,,,,,ENGL,St. John's
Abdramane Siby,2026,C,-0.1163682426714845,2026,C,6-11,83,210.0,,,,,,SERB,Syracuse
Mantas Laurencikas,2026,PG,0.24552128093056552,2026,PG,6-3,75,,,,,,,LITH,Texas
Christopher Washington Jr.,2026,SF,2.4094624535402116,2026,SF,6-9,81,195.0,5.0,98.20915770103828,51.0,19.0,1.0,TN,Tennessee
Adam Oumiddoch,2026,SG,2.4447523307541794,2026,SG,6-5,77,180.0,5.0,97.79882070086366,60.0,10.0,3.0,GA,Villanova
Marcus Johnson,2026,PG,1.8183907358778344,2026,PG,6-2,74,180.0,5.0,97.42425666993505,76.0,8.0,5.0,OH,South Carolina
Toni Bryant,2026,PF,3.173069563219824,2026,PF,6-9,81,215.0,5.0,99.28185428447345,20.0,5.0,5.0,FL,Missouri
Collin Paul,2026,SF,0.5684565699246269,2026,SF,6-7,79,225.0,4.0,94.06655831799885,130.0,44.0,23.0,FL,Florida State
Jonny Collins,2026,CG,-1.7729899201454338,2026,CG,6-1,73,165.0,,,,,,NV,__MISSING__
Andrew Hilman,2026,SG,0.049908413652199696,2026,SG,6-4,76,180.0,4.0,90.86211512717536,192.0,28.0,21.0,CA,San Francisco
Christian Gibson,2026,SF,-0.34435001542816107,2026,SF,6-5,77,190.0,4.0,94.45670306644638,118.0,41.0,8.0,TX,__MISSING__
Willie Burnett III,2026,CG,1.1259926241659772,2026,CG,6-4,76,175.0,4.0,96.79511804184408,91.0,9.0,6.0,VA,Mississippi State
Justin Caldwell,2026,PF,0.906817568990751,2026,PF,6-9,81,235.0,4.0,93.3357689397501,148.0,24.0,4.0,NC,Georgetown
Yusef Gray Jr.,2026,PG,1.1128553620185442,2026,PG,6-3,75,170.0,4.0,90.52744310575635,202.0,25.0,2.0,WI,Iowa State
Gavin Placide,2026,PF,1.9235646927567005,2026,PF,6-9,81,220.0,5.0,97.2212148482447,81.0,11.0,6.0,TX,Wake Forest
Chace Holley,2026,PG,-0.5849981608874503,2026,PG,6-0,72,160.0,3.0,85.0,304.0,46.0,27.0,CA,Pepperdine
Nas Rankin,2026,PG,0.31119966589982534,2026,PG,6-0,72,170.0,,,,,,IL,Illinois
Lincoln Williams,2026,SF,-0.5682466766329031,2026,SF,6-5,77,180.0,4.0,90.81392235609103,196.0,56.0,1.0,IL,__MISSING__
Tobias Brinkley,2026,CG,-1.4895707654926873,2026,CG,6-5,77,170.0,,,,,,GA,Tulane
Landyn Colyer,2026,SG,-0.10678628943911898,2026,SG,6-6,78,180.0,4.0,92.74358526637207,154.0,21.0,27.0,FL,Middle Tennessee
Jackson Sheffield,2026,C,0.9680075088468619,2026,C,6-9,81,240.0,4.0,96.12371447887425,102.0,16.0,2.0,AL,Vanderbilt
Sam Simmons Jr.,2026,PG,-0.16108876618805792,2026,PG,5-9,69,160.0,3.0,86.5,286.0,43.0,1.0,KS,Richmond
Fred Smith Jr.,2026,PF,1.434195239181197,2026,PF,6-6,78,210.0,4.0,96.53432011210953,98.0,15.0,2.0,TN,Memphis
Eli Sancomb,2026,CG,0.2113904654437808,2026,CG,6-5,77,190.0,4.0,93.98263734984532,133.0,16.0,1.0,WV,Liberty
Brayden Jones,2026,CG,-1.7845234562829724,2026,CG,6-1,73,170.0,,,,,,TX,__MISSING__
Kensington Candler,2026,CG,-1.3876572641042655,2026,CG,6-1,73,165.0,,,,,,TX,Stephen F. Austin
Brayde Kuykendall,2026,PG,-1.062046042192592,2026,PG,6-5,77,180.0,,,,,,CA,Santa Clara
Jackson Williams,2026,SG,-0.7246852787272438,2026,SG,6-4,76,170.0,,,,,,OH,Duquesne
Jhett Carter,2026,SF,-0.6924070840544223,2026,SF,6-5,77,190.0,,,,,,VA,Wofford
Amadou Seini,2026,C,2.6169806470837305,2026,C,7-1,85,230.0,5.0,97.74961607858414,64.0,9.0,8.0,AZ,West Virginia
Djordije Jovanovic,2026,SF,-0.31998013362252226,2026,SF,6-7,79,190.0,,,,,,MONN,St. John's
Andy Gemao,2026,PG,-0.24238178718566636,2026,PG,6-1,73,170.0,,,,,,OH,Penn State
Dominykas Daubaris,2026,PF,-0.7702854062742354,2026,PF,6-9,81,215.0,,,,,,LITH,California
Ousmane N'Diaye,2026,C,0.5670205399858851,2026,C,6-11,83,,,,,,,SENE,Kentucky
Tyran Stokes,2026,SF,5.481084244575317,2026,SF,6-7,79,230.0,5.0,100.0,1.0,1.0,1.0,WA,Kansas
Keiner Asprilla,2026,C,-1.6258730966597748,2026,C,7-0,84,270.0,,,,,,NJ,__MISSING__
TJ Crumble,2026,PF,-0.1457892547204627,2026,PF,6-7,79,210.0,4.0,90.90227576974564,189.0,30.0,9.0,NY,North Texas
Boden Williams,2026,CG,-0.09013766141415197,2026,CG,6-2,74,170.0,3.0,87.5,275.0,30.0,3.0,OK,Oral Roberts
Raheem Bradley,2026,PG,-1.4872924851495548,2026,PG,5-10,70,150.0,,,,,,WI,__MISSING__
Mason Magee,2026,PG,0.24680663603786923,2026,PG,6-0,72,165.0,4.0,90.50066934404283,205.0,26.0,15.0,AZ,San Francisco
Mavrick Hawkins,2026,CG,-0.17087577001289941,2026,CG,6-2,74,180.0,,,,,,MO,Vanderbilt
Martechio Hayes,2026,SG,-0.7162203291524932,2026,SG,6-4,76,170.0,4.0,89.01874163319947,261.0,45.0,8.0,TN,__MISSING__
Jordan Skyers,2026,CG,-0.16424037944082032,2026,CG,6-2,74,175.0,4.0,90.55153949129853,200.0,24.0,3.0,CT,Norfolk State
JRob Croy,2026,CG,0.5868207959730906,2026,CG,6-5,77,190.0,4.0,94.13291963841989,128.0,15.0,12.0,CA,Arizona State
Eddie Smajic,2026,SG,-1.4799501675158968,2026,SG,6-6,78,205.0,,,,,,MO,__MISSING__
Rassell Young,2026,PG,-1.3397246600324617,2026,PG,6-2,74,160.0,3.0,82.0,337.0,55.0,17.0,NC,Alcorn State
Anthony Thompson,2026,SF,4.224117866659071,2026,SF,6-8,80,205.0,5.0,99.71900981853837,8.0,3.0,1.0,OH,Ohio State
Ryan Kreager,2026,C,-0.19592826983590192,2026,C,6-10,82,210.0,4.0,90.11780455153949,220.0,36.0,3.0,MN,Loyola
Ashton Meeks,2026,CG,0.20197461784272233,2026,CG,5-10,70,165.0,4.0,90.47389558232932,206.0,26.0,6.0,MD,James Madison
Bruce Branch III,2026,SF,3.7990162959846465,2026,SF,6-7,79,190.0,5.0,99.8438794195735,5.0,2.0,2.0,FL,BYU
Sammy Jackson,2026,SF,2.2625683530158853,2026,SF,6-7,79,205.0,5.0,97.85908405080745,58.0,21.0,1.0,PA,VCU
Ryan Moesch,2026,PG,1.0965774599633067,2026,PG,6-0,72,170.0,4.0,91.25435073627845,175.0,19.0,6.0,MA,Syracuse
Gan-Erdene Solongo,2026,C,0.9624359878839236,2026,C,7-0,84,230.0,4.0,93.02931234413684,150.0,27.0,5.0,IN,Notre Dame
Jaden Ghoreishi,2026,C,0.16722948946285138,2026,C,6-9,81,215.0,4.0,90.08232931726909,221.0,37.0,4.0,WA,Colorado State
Nolen Anderson,2026,SF,0.8929805064118491,2026,SF,6-6,78,180.0,4.0,95.22578608749379,106.0,40.0,1.0,MN,Minnesota
Isaiah Wilks,2026,PG,0.10855825437600145,2026,PG,5-9,69,160.0,4.0,90.12048192771084,219.0,30.0,2.0,OK,Louisiana
Caden Deffebaugh,2026,SF,-0.601389363531516,2026,SF,6-4,76,185.0,,,,,,TX,New Mexico State
Amare Hereford,2026,CG,-1.3535266400246504,2026,CG,6-2,74,175.0,,,,,,WI,Milwaukee
Dorian Rinaldo-Komlan,2026,C,1.3359025836283858,2026,C,6-10,82,215.0,4.0,96.63758713784907,96.0,14.0,6.0,OH,Iowa State
Jose Martins,2026,PG,-1.6342423459822464,2026,PG,6-2,74,165.0,,,,,,TX,Western Carolina
Domen Petrovic,2026,PF,-0.07252523436742664,2026,PF,6-9,81,,,,,,,SLOV,Florida
Kota Suttle,2026,CG,0.23339035041213202,2026,CG,6-3,75,192.0,4.0,89.44042838018743,249.0,29.0,23.0,CA,UNLV
AJ Williams,2026,SF,-1.6987869424003619,2026,SF,6-7,79,180.0,,,,,,NJ,__MISSING__
Jayden Johnson,2026,SG,0.10969720878666966,2026,SG,6-6,78,180.0,4.0,89.71619812583668,241.0,40.0,1.0,KY,South Florida
Trevaun Clark,2026,PF,-1.7495057599262784,2026,PF,6-7,79,180.0,,,,,,TX,__MISSING__
Talon Todd,2026,PG,-1.0503880143999877,2026,PG,6-0,72,160.0,3.0,82.0,337.0,55.0,30.0,TX,Austin Peay
Nasir Price,2026,SG,-0.2207975332260751,2026,SG,6-3,75,155.0,4.0,89.90093708165996,231.0,36.0,15.0,TX,UTSA
Aiden Derkack,2026,SG,2.072762012180387,2026,SG,6-6,78,180.0,5.0,97.531172628082,71.0,11.0,4.0,OH,Dayton
Kalek House,2026,SG,1.3735810308013332,2026,SG,6-3,75,180.0,4.0,96.68354577731215,94.0,14.0,9.0,AZ,Xavier
Ashton McCullough,2026,PG,-1.0545170548474305,2026,PG,6-3,75,170.0,,,,,,CA,East Carolina
Jaron Saulsberry,2026,SF,0.4391897653708342,2026,SF,6-6,78,170.0,4.0,90.76840696117806,197.0,57.0,12.0,GA,Ole Miss
Zach White,2026,SF,0.4055586787984112,2026,SF,6-5,77,165.0,4.0,89.40160642570281,250.0,69.0,24.0,CA,San Diego State
Parker Robinson,2026,SG,0.8601428926025855,2026,SG,6-4,76,200.0,4.0,91.02275769745648,186.0,27.0,11.0,GA,Oklahoma State
Dionte Neal,2026,PG,0.21372891611350275,2026,PG,5-9,69,150.0,4.0,92.80209354698616,153.0,15.0,6.0,NC,UNC Greensboro
Dothan Ijadimbola,2026,SF,-0.05723098588554558,2026,SF,6-6,78,180.0,4.0,89.82864792503347,234.0,67.0,4.0,MN,Drake
Ethan Mgbako,2026,SF,1.8626048853374384,2026,SF,6-6,78,215.0,5.0,97.50220502970633,72.0,27.0,5.0,VA,Vanderbilt
Felipe Quinones,2026,CG,0.2848512496586338,2026,CG,6-4,76,180.0,4.0,96.25968757975045,101.0,10.0,19.0,FL,Florida Atlantic
Korie Corbett,2026,SF,-0.038109180887781334,2026,SF,6-4,76,170.0,4.0,89.8433734939759,233.0,66.0,10.0,VA,UAB
Ethan Long,2026,PF,-1.6714253048306822,2026,PF,6-8,80,190.0,,,,,,AR,__MISSING__
Andre Tyler,2026,SF,-1.4754275127781573,2026,SF,6-5,77,180.0,3.0,85.0,304.0,76.0,19.0,AZ,__MISSING__
Derrick Morton-Rivera,2026,SG,0.33628260648321334,2026,SG,6-3,75,160.0,4.0,89.72489959839358,240.0,39.0,4.0,PA,Temple
Xavier Muhammad,2026,PF,-1.5170331027608999,2026,PF,6-4,76,275.0,,,,,,TX,__MISSING__
Shane Pendergrass,2026,PF,0.381740463702705,2026,PF,6-8,80,210.0,4.0,93.96762076175382,135.0,20.0,8.0,VA,George Mason
Martay Barnes,2026,CG,1.7523039027890417,2026,CG,6-2,74,170.0,5.0,97.12513375687813,84.0,8.0,13.0,FL,Florida State
Tim Winkler,2026,C,-1.790297102710547,2026,C,6-10,82,210.0,,,,,,FL,__MISSING__
Herly Brutus,2026,SF,0.4849837685957281,2026,SF,6-5,77,180.0,4.0,94.22478319073396,124.0,42.0,22.0,FL,Butler
Jeremiah Jackson,2026,SF,-0.7627980805696785,2026,SF,6-4,76,190.0,3.0,81.0,355.0,87.0,5.0,KY,Southern Illinois
Carter Basquez,2026,SF,-1.4170913247884853,2026,SF,6-5,77,175.0,3.0,84.0,321.0,80.0,1.0,NM,__MISSING__
Xavier Roberson,2026,PF,-1.1310812745458467,2026,PF,6-7,79,190.0,3.0,81.0,355.0,57.0,34.0,TX,Sam Houston
Bryson Howard,2026,SG,4.18571344174909,2026,SG,6-4,76,188.0,5.0,99.26403495811563,22.0,4.0,1.0,TX,Duke
Nash Walker,2026,SG,0.3443641531327352,2026,SG,6-6,78,175.0,,,,,,AUST,Marquette
Isaiah Brown,2026,C,-1.3368697570446275,2026,C,6-9,81,190.0,,,,,,FL,North Florida
Rashaun Porter,2026,PF,-1.0368216094453504,2026,PF,6-7,79,210.0,3.0,85.0,304.0,52.0,8.0,IL,Toledo
Gavin Murphy,2026,PG,-0.5422084630265633,2026,PG,5-11,71,160.0,,,,,,KY,Western Kentucky
Jeremiah Hammond,2026,PG,-1.2193743560103643,2026,PG,6-3,75,170.0,3.0,82.0,337.0,55.0,42.0,FL,Northern Colorado
Henry Beckett,2026,PF,-1.5613406372290661,2026,PF,6-7,79,215.0,,,,,,TX,Cal State Fullerton
Aaron McGee,2026,SG,-0.6857860352432127,2026,SG,6-4,76,175.0,3.0,87.0,278.0,49.0,13.0,FL,Arkansas State
Amir Jones,2026,CG,-0.07649250765317911,2026,CG,6-3,75,180.0,,,,,,CA,Colorado
Takeo McCrae,2026,CG,-1.6728098581637478,2026,CG,6-4,76,205.0,,,,,,OR,__MISSING__
Colt Busse,2026,CG,-0.6184626648234312,2026,CG,6-4,76,160.0,,,,,,MD,East Tennessee State
Elliot Moskowitz,2026,CG,-1.2749860073934716,2026,CG,6-3,75,170.0,3.0,81.0,355.0,42.0,3.0,CO,Kansas City
Diego Roman,2026,PG,-1.2412677679370883,2026,PG,6-6,78,200.0,,,,,,SWIT,South Alabama
Wini Braga,2026,PF,-0.2760916459461217,2026,PF,6-9,81,200.0,,,,,,BRAZ,Washington
Maxim Klitschko,2026,C,-1.0346067034602948,2026,C,7-1,85,240.0,,,,,,UKRA,East Carolina
Clemens Sokolov,2026,C,-0.04683686822310949,2026,C,6-11,83,,,,,,,GERM,Indiana
Caleb Holt,2026,SG,5.237873855743289,2026,SG,6-5,77,200.0,5.0,99.93978142223297,2.0,1.0,1.0,FL,Arizona
Jason Crowe Jr.,2026,CG,3.7700442792238635,2026,CG,6-3,75,170.0,5.0,99.75693185226972,6.0,2.0,1.0,CA,Missouri
Caleb Gaskins,2026,PF,3.9009187490398785,2026,PF,6-8,80,219.0,5.0,99.54054792189942,15.0,3.0,4.0,FL,Miami
Jayden Hodge,2026,SF,1.8619585648620274,2026,SF,6-6,78,190.0,5.0,97.06052750578681,86.0,32.0,14.0,FL,Northwestern
Kendre Harrison,2026,C,1.0163209564753202,2026,C,6-7,79,243.0,4.0,92.94170214861676,151.0,28.0,5.0,NC,Oregon
Jacob Lanier,2026,SG,0.8405856558053539,2026,SG,6-5,77,180.0,4.0,94.42115395808429,120.0,18.0,2.0,AR,Nebraska
Hassan Koureissi,2026,SG,-0.34103367624220793,2026,SG,6-3,75,170.0,4.0,89.95180722891565,229.0,34.0,11.0,NY,Fordham
Joe Sterling,2026,CG,1.1745451766793782,2026,CG,6-4,76,180.0,4.0,94.30743262906698,122.0,14.0,10.0,CA,Texas
Yeshua Kesse-Beda,2026,PF,-0.539104155258937,2026,PF,6-7,79,205.0,,,,,,CA,Fresno State
Chris Powell,2026,SG,-0.8800225557917076,2026,SG,6-3,75,170.0,3.0,88.59170013386881,268.0,47.0,38.0,FL,__MISSING__
Austin Goosby,2026,CG,3.3979556738448133,2026,CG,6-5,77,186.0,5.0,99.20386115252536,23.0,4.0,2.0,TX,Texas
Cam Lomax,2026,CG,0.5094093946883514,2026,CG,6-0,72,165.0,4.0,93.61820973973933,144.0,18.0,9.0,TX,SMU
Jaelon Germany,2026,PG,-1.2906762303839696,2026,PG,6-2,74,165.0,3.0,84.0,321.0,50.0,28.0,TX,Holy Cross
Tre Raymon,2026,PF,-1.6719741632795881,2026,PF,6-8,80,200.0,,,,,,SC,__MISSING__
Colben Landrew,2026,SF,3.319074069199203,2026,SF,6-6,78,235.0,5.0,99.1213012585459,26.0,9.0,2.0,GA,UConn
William Gerdes,2026,SF,-0.5847936479993735,2026,SF,6-8,80,,,,,,,IA,Northern Iowa
Donovan Williams,2026,CG,-0.020198009030812904,2026,CG,6-3,75,180.0,4.0,90.01472556894244,223.0,28.0,33.0,FL,Georgia
Isaac Ellis,2026,PG,0.7370219574297752,2026,PG,6-1,73,165.0,4.0,90.00602409638554,224.0,31.0,12.0,NC,Louisville
Christian Wiggins,2026,SG,1.4003524684350142,2026,SG,6-4,76,180.0,4.0,94.19085483517124,126.0,20.0,2.0,MN,Iowa State
Jaden Shipley,2026,PG,-1.6819516585139604,2026,PG,6-4,76,,,,,,,PA,__MISSING__
Josiah Sanders,2026,PF,-0.8737481977522937,2026,PF,6-7,79,200.0,4.0,89.33333333333333,254.0,39.0,6.0,TN,__MISSING__
Yabi Aklog,2026,C,0.7268528570056983,2026,C,6-10,82,230.0,4.0,94.04267683890525,131.0,22.0,3.0,WA,Oregon State
Marquis Clark,2026,PG,0.6414508652579171,2026,PG,6-1,73,175.0,4.0,89.21954484605088,256.0,35.0,3.0,IL,Tennessee
Delano Tarpley,2026,C,-1.1816461105518765,2026,C,6-11,83,245.0,,,,,,CA,UTEP
Brady Hennig,2026,SG,0.3330003752435131,2026,SG,6-6,78,180.0,4.0,90.00200803212851,225.0,33.0,5.0,WA,Boise State
Tyler Jones,2026,SG,-0.8626488797261748,2026,SG,6-3,75,185.0,3.0,85.0,304.0,54.0,15.0,NC,Albany
DJ Biggins,2026,CG,-1.6908180519911449,2026,CG,6-1,73,170.0,,,,,,CT,__MISSING__
Dywane Chess,2026,SG,-0.9568242628611066,2026,SG,6-3,75,180.0,3.0,82.0,337.0,60.0,1.0,RI,Marist
Eli Jolin,2026,SG,-1.6937658505314093,2026,SG,6-6,78,,,,,,,ON,__MISSING__
Jaen Chatman,2026,PG,1.1856261455512929,2026,PG,6-1,73,190.0,4.0,94.45581657734617,119.0,11.0,3.0,NJ,Rhode Island
Pops Dunson,2026,PG,0.48532065621024467,2026,PG,6-0,72,185.0,4.0,90.14457831325302,218.0,29.0,13.0,GA,Colorado State
Nathan Kirk,2026,PG,-0.9562018113576907,2026,PG,6-0,72,175.0,,,,,,FL,Iona
Landon Davis,2026,PF,0.6698936121665335,2026,PF,6-8,80,210.0,4.0,89.13788487282461,259.0,41.0,5.0,IA,Illinois
Marcus Moller,2026,C,0.2593870062969004,2026,C,7-3,87,230.0,,,,,,DENM,Michigan
Jackson Kiss,2026,C,0.953190286275779,2026,C,6-8,80,230.0,4.0,94.18773869166745,127.0,20.0,5.0,UT,UNLV
Sidy Diakhate,2026,PF,-1.5327792230040413,2026,PF,6-9,81,210.0,,,,,,UT,North Dakota
Joaquim Boumtje Boumtje,2026,C,3.2426787148225875,2026,C,7-0,84,230.0,5.0,98.0,54.0,6.0,1.0,SPAI,Duke
Stephon Ashley-Wright,2026,PG,-1.3951014705570843,2026,PG,5-11,71,150.0,,,,,,PA,Towson
Ralfs Rudusans,2026,SF,-1.3696953420422637,2026,SF,6-8,80,,,,,,,MD,Lehigh
Alex Dickeson,2026,PG,-0.23788075224699481,2026,PG,6-3,75,,,,,,,AUST,Colorado
Kenan Gilao,2026,PF,-1.00591076303845,2026,PF,6-9,81,190.0,,,,,,CANA,Marshall
Marko Maric,2026,C,-0.8548726107846516,2026,C,7-0,84,,,,,,,CROA,Butler
Roman Stathis,2026,SF,-0.7169256286202542,2026,SF,6-7,79,225.0,,,,,,AUST,Washington State
Luke Mirhashemi,2026,PG,-0.40872569879796183,2026,PG,6-5,77,,,,,,,CA,Colorado
Tegra Makabu,2026,PF,-0.27672703912236063,2026,PF,6-9,81,,,,,,,FL,Baylor
Iker Martinez,2026,C,0.1026949300133829,2026,C,7-0,84,230.0,,,,,,FL,Syracuse
Siebe Ledegen,2026,SF,-1.1635133633944774,2026,SF,6-6,78,,,,,,,BELG,Ohio
Cameron Holmes,2026,SF,3.1137971938304,2026,SF,6-6,78,205.0,5.0,98.46794088281779,41.0,14.0,3.0,AZ,Arizona
Chidi Nwigwe,2026,SF,-0.4312210411351194,2026,SF,6-7,79,195.0,4.0,91.07630522088353,181.0,51.0,6.0,UT,Sacramento State
Rashod Cotton,2026,PG,-1.659693238666633,2026,PG,5-11,71,155.0,,,,,,CA,__MISSING__
Kaiden Bailey,2026,CG,0.38660209840116594,2026,CG,6-2,74,180.0,4.0,91.04953145917001,185.0,23.0,19.0,CA,Georgia Tech
Trae Nunn,2026,SF,-1.3389353215735196,2026,SF,6-4,76,205.0,3.0,82.0,337.0,85.0,30.0,TX,Columbia
Kaden House,2026,CG,2.906103096009379,2026,CG,6-3,75,173.0,5.0,98.44331618558964,43.0,5.0,4.0,AZ,Maryland
Jaylen Alexander,2026,PG,0.9234581181458578,2026,PG,6-2,74,175.0,4.0,90.88353413654619,191.0,22.0,3.0,AL,Kansas State
Jayden Joseph,2026,SG,-1.434942910230299,2026,SG,6-2,74,180.0,,,,,,VA,Florida A&M
Ethan Taylor,2026,C,3.0741933447483514,2026,C,7-0,84,244.0,5.0,98.62616575555286,38.0,4.0,3.0,MO,Michigan State
Seven Spurlock,2026,SF,0.7964423980612778,2026,SF,6-5,77,210.0,4.0,90.36680053547524,207.0,59.0,11.0,TX,Oregon
Sam Fleming,2026,PF,-0.6056236607441876,2026,PF,6-7,79,205.0,4.0,90.23025435073627,212.0,31.0,7.0,MA,__MISSING__
Julien Smith,2026,PG,-1.513044971646414,2026,PG,5-10,70,160.0,,,,,,IN,__MISSING__
Brayden Kyman,2026,PF,-0.07347686836126889,2026,PF,6-7,79,215.0,4.0,89.35341365461848,252.0,38.0,25.0,CA,Washington State
Jalan Wingfield,2026,PF,-0.15865975736980187,2026,PF,6-8,80,225.0,4.0,91.0896921017403,180.0,28.0,10.0,GA,FIU
RJ Smith,2026,PG,-0.7427666632210433,2026,PG,5-9,69,150.0,,,,,,PA,La Salle
Caleb Williams,2026,SG,0.1578421594633196,2026,SG,6-5,77,195.0,4.0,89.76706827309238,238.0,38.0,34.0,FL,Auburn
Jacob Webber,2026,SF,2.456107674135607,2026,SF,6-6,78,175.0,5.0,97.75418284061551,62.0,24.0,2.0,NE,Purdue
Adam Boyd,2026,CG,-0.8572118339024742,2026,CG,6-3,75,160.0,3.0,85.5,301.0,36.0,23.0,TX,Louisiana Tech
Arafan Diane,2026,C,3.631523851794941,2026,C,7-1,85,290.0,5.0,99.11239159536699,27.0,2.0,1.0,IA,Houston
Sifeng Huan,2026,C,-1.508009250937091,2026,C,6-10,82,210.0,3.0,83.0,332.0,46.0,10.0,MD,UMBC
Jamyn Sondrup,2026,C,0.7066870143373182,2026,C,6-9,81,225.0,4.0,90.73895582329317,198.0,35.0,7.0,UT,Purdue
Max VanLaningham,2026,PF,-1.034564910085647,2026,PF,6-7,79,220.0,3.0,86.1111111111111,291.0,48.0,26.0,CA,Long Beach State
Adama Tambedou,2026,PF,1.0735425934593517,2026,PF,6-7,79,230.0,4.0,93.92083383702033,137.0,22.0,2.0,CT,Maryland
Curtis Coleman,2026,SG,-1.4602093906100542,2026,SG,6-5,77,180.0,,,,,,NV,__MISSING__
Oesoemana Sacko,2026,C,-1.7593370648510847,2026,C,6-8,80,200.0,,,,,,NY,__MISSING__
Ja'Cori Jones,2026,CG,-1.5045752445066323,2026,CG,5-11,71,155.0,3.0,80.0,365.0,43.0,36.0,TX,Texas A&M Corpus Christi
Quinn Costello,2026,PF,3.526472049931056,2026,PF,6-10,82,195.0,5.0,98.85356364141069,32.0,6.0,1.0,MA,Michigan
Austin Senters,2026,SF,-1.653678958484514,2026,SF,6-4,76,185.0,,,,,,TX,__MISSING__
Connor Lyons,2026,C,-1.765333696326646,2026,C,6-8,80,215.0,,,,,,VA,__MISSING__
Finley Billy,2026,PF,-1.0926658686203734,2026,PF,6-7,79,200.0,,,,,,DC,Pennsylvania
Julian Washington,2026,SG,0.537236233589141,2026,SG,6-4,76,170.0,4.0,89.04149933065595,260.0,44.0,9.0,OH,Dayton
Ethan Lin,2026,PG,-0.9125025576274702,2026,PG,6-5,77,165.0,3.0,82.0,337.0,55.0,7.0,NJ,Pennsylvania
Race Kowalczyk,2026,SF,-1.2419767898675114,2026,SF,6-6,78,180.0,,,,,,OH,Bradley
Kamai Samuels,2026,PG,-0.4961619245793717,2026,PG,6-2,74,180.0,4.0,90.16064257028113,217.0,28.0,4.0,CT,__MISSING__
Nicolas Mitrovic,2026,C,0.5694977342856512,2026,C,6-10,82,200.0,4.0,92.72742474916387,156.0,30.0,5.0,MA,California
Gabriel Landeira,2026,PG,0.17185155581336364,2026,PG,6-6,78,185.0,,,,,,BRAZ,Georgetown
Nick Shrewsberry,2026,SG,0.17406018373571727,2026,SG,6-5,77,170.0,,,,,,IN,Notre Dame
Greg Howard Jr.,2026,SG,-1.3314230387453583,2026,SG,6-2,74,180.0,,,,,,OH,Cal State Fullerton
Bol Wieu Thet,2026,C,-0.8924440732899377,2026,C,6-10,82,195.0,,,,,,MD,Siena
Cooper Knowles,2026,C,-1.950946940347551,2026,C,6-10,82,,,,,,,IL,__MISSING__
Alex Ensor,2026,C,-0.947903000235576,2026,C,7-1,85,225.0,,,,,,AZ,Santa Clara
Goc Malual,2026,PF,-0.4987245510831075,2026,PF,6-9,81,,,,,,,AUST,Colorado
Marcio Santos,2026,PF,-0.4568719737073053,2026,PF,6-8,80,,,,,,,BRAZ,LSU
Mantas Rubstavicius,2026,SF,-0.6176291870224218,2026,SF,6-6,78,,,,,,,LITH,Auburn
Tristan Devers,2026,CG,0.15360245872013742,2026,CG,6-3,75,180.0,,,,,,AUST,Washington
Jalen Montonati,2026,SF,1.4089863187630818,2026,SF,6-7,79,175.0,4.0,96.79064082416623,92.0,34.0,1.0,OK,Oklahoma State
Kobe Edwards,2026,PG,0.45063290195953304,2026,PG,6-1,73,160.0,4.0,90.6760374832664,199.0,24.0,8.0,NC,College of Charleston
Sam Funches,2026,C,1.3585153612365335,2026,C,6-10,82,215.0,4.0,94.83008511190808,112.0,17.0,1.0,MS,Gonzaga
Xavier Green,2026,PG,-1.5701271493753894,2026,PG,5-10,70,165.0,,,,,,TX,__MISSING__
Marcis Ponder,2026,C,3.1047360025256423,2026,C,6-11,83,328.0,5.0,98.48795404583775,40.0,5.0,3.0,VA,Florida State
Chase Foster,2026,PF,2.7249953774471125,2026,PF,6-8,80,210.0,5.0,98.64850707176532,37.0,8.0,7.0,FL,Pittsburgh
Julius Avent,2026,PF,1.3009795629971,2026,PF,6-7,79,220.0,4.0,96.96243166646519,87.0,13.0,2.0,NJ,Michigan State
Noah Smith,2026,PF,0.49575334564858264,2026,PF,6-8,80,200.0,4.0,93.05982010539371,149.0,25.0,4.0,IN,DePaul
Elhadji Diallo,2026,PF,-0.5510524476950781,2026,PF,6-7,79,200.0,4.0,90.06157965194109,222.0,32.0,11.0,NC,UMass Lowell
Luke Susko,2026,SF,-1.0061910458117518,2026,SF,6-6,78,175.0,3.0,81.0,355.0,87.0,34.0,TX,Southern Illinois
Miikka Muurinen,2026,PF,2.2996779640182323,2026,PF,6-10,82,205.0,5.0,98.0,54.0,9.0,1.0,SERB,Arkansas
Rylan Parsley,2026,SF,-0.3535776029857024,2026,SF,6-5,77,180.0,,,,,,AZ,Fresno State
Ian Williams,2026,PG,-1.513044971646414,2026,PG,5-10,70,160.0,,,,,,PA,__MISSING__
Nasir Ralls,2026,SG,-1.5391071636983988,2026,SG,6-0,72,160.0,,,,,,PA,__MISSING__
Jasiah Jervis,2026,SG,3.3741728859347315,2026,SG,6-4,76,190.0,5.0,98.93392969872802,31.0,6.0,4.0,NY,Michigan State
Quentin Coleman,2026,SG,4.05856481778236,2026,SG,6-4,76,180.0,5.0,99.43801963707672,17.0,3.0,1.0,MO,Illinois
Beau Billingsley,2026,PG,-1.108616253946068,2026,PG,5-11,71,170.0,,,,,,OK,Texas A&M Corpus Christi
Emilis Zibuda,2026,SF,-1.6604121709495836,2026,SF,6-6,78,180.0,,,,,,UT,__MISSING__
Luke Barnett,2026,SG,1.3310175058479559,2026,SG,6-4,76,180.0,4.0,94.25164649680103,123.0,19.0,11.0,CA,Kansas
Darius Ratliff,2026,C,3.326447555496723,2026,C,6-11,83,210.0,5.0,99.00310271185076,30.0,3.0,3.0,NY,USC
Gage Howard,2026,C,-1.4410370275359474,2026,C,6-6,78,225.0,3.0,81.0,355.0,48.0,11.0,MD,Loyola Maryland
Jahda Swann,2026,SG,-1.4544689914032813,2026,SG,6-4,76,180.0,,,,,,VA,__MISSING__
Drew Anderson,2026,PF,1.0930058335469501,2026,PF,6-9,81,215.0,4.0,95.10866207304133,108.0,18.0,8.0,CA,Stanford
Trey Williams,2026,PG,-1.3720656818823374,2026,PG,6-2,74,175.0,,,,,,IL,Cornell
Dionycius Bakare,2026,SF,0.4529111215052217,2026,SF,6-5,77,190.0,4.0,90.52610441767068,203.0,58.0,14.0,AZ,California
Jones Lay,2026,C,0.24824114387315044,2026,C,7-0,84,230.0,,,,,,NC,Florida
Peyton Miller,2026,CG,-0.664282002165063,2026,CG,6-3,75,180.0,3.0,86.5,286.0,31.0,18.0,GA,George Mason
Hudson Lucas,2026,PF,-0.5952714075085493,2026,PF,6-8,80,200.0,3.0,86.0,292.0,49.0,19.0,TX,Nevada
BJ Brown,2026,SG,-0.09578215844069278,2026,SG,6-5,77,210.0,,,,,,SC,Drexel
TJ Moultrie,2026,CG,-0.9293577719821273,2026,CG,6-3,75,195.0,,,,,,MD,Army
Grant Mordini,2026,C,0.6543476429398123,2026,C,6-10,82,210.0,,,,,,CT,Kansas
Tyre Acuff,2026,PG,-0.9388727898231081,2026,PG,6-2,74,191.0,,,,,,MI,Central Michigan
Akoldah Gak,2026,PF,0.15128745616700043,2026,PF,6-11,83,225.0,3.0,86.96296296296295,256.0,48.0,6.0,AUST,Oklahoma
Alex Constanza,2026,SF,0.8341526200590456,2026,SF,6-8,80,205.0,5.0,97.83432503704898,59.0,22.0,3.0,OH,__MISSING__
Joseph Hartman,2026,SG,1.1937331588306312,2026,SG,6-6,78,193.0,4.0,96.86648489162894,90.0,13.0,16.0,FL,Michigan
Jachai Cantave,2026,PG,-0.6245865681694429,2026,PG,6-1,73,160.0,3.0,85.0,304.0,46.0,25.0,TX,New Mexico State
Tyus Thomas,2026,PG,0.8273586437380807,2026,PG,5-10,70,180.0,4.0,89.33333333333333,254.0,34.0,1.0,NV,Houston
Elijah Garrett,2026,PG,-1.20974402700886,2026,PG,6-0,72,155.0,3.0,84.0,321.0,50.0,28.0,TX,Illinois-Chicago
Brandon Bass Jr.,2026,SG,0.9706080178733364,2026,SG,6-4,76,185.0,4.0,94.66646071465347,113.0,16.0,20.0,FL,Florida State
SJ Madison,2026,SF,0.26684472433321293,2026,SF,6-5,77,185.0,4.0,91.38821954484605,170.0,49.0,18.0,CA,Nevada
Stephen Brown,2026,SF,-1.7503076205096364,2026,SF,6-7,79,205.0,,,,,,IL,__MISSING__
Darien Moore,2026,CG,0.9939064594717213,2026,CG,6-2,74,170.0,4.0,91.31726907630521,172.0,20.0,1.0,NH,Seton Hall
Brayden Barrett,2026,SG,-1.5363362380485308,2026,SG,6-5,77,170.0,,,,,,AZ,__MISSING__
Q Williams,2026,PG,-1.0179680677143397,2026,PG,5-9,69,170.0,3.0,81.0,355.0,62.0,18.0,NC,Coastal Carolina
Rivers Knight,2026,PF,0.5137917406258121,2026,PF,6-8,80,205.0,4.0,89.67737617135208,244.0,36.0,8.0,IN,Purdue
Rokiem Green,2026,SG,-0.5565536797454784,2026,SG,6-2,74,170.0,3.0,88.16666666666666,269.0,48.0,17.0,AZ,San Jose State
Kole Grandison,2026,SF,-0.830997904660494,2026,SF,6-6,78,205.0,3.0,87.44444444444444,276.0,73.0,17.0,GA,Texas State
Donovan Carney,2026,SG,-1.4995210709444013,2026,SG,6-2,74,170.0,,,,,,PA,__MISSING__
Jaidyn Coon,2026,SF,1.2500881515738627,2026,SF,6-6,78,180.0,4.0,95.80113094518543,103.0,38.0,3.0,IA,Iowa
Evan Roberts,2026,PG,-1.1661673008947842,2026,PG,6-1,73,170.0,3.0,86.66666666666666,285.0,42.0,39.0,FL,Jacksonville
Aiden Able,2026,SG,-1.601053861756479,2026,SG,6-4,76,,,,,,,MD,UMBC
Keon Mitchell,2026,PG,-1.507094764571419,2026,PG,6-2,74,170.0,,,,,,VA,__MISSING__
Trey Beamer,2026,PG,9.891967130271073e-05,2026,PG,6-1,73,160.0,4.0,94.00464287473193,132.0,12.0,24.0,FL,FIU
Tyshawn Duncan,2026,C,0.03943455090558773,2026,C,6-8,80,215.0,4.0,91.25033467202142,176.0,34.0,1.0,LA,Louisiana
Harris Reynolds,2026,SG,0.7438430366371095,2026,SG,6-4,76,170.0,4.0,94.46280103692362,117.0,17.0,4.0,GA,Clemson
Kai McGrew,2026,PF,-1.0378968128747985,2026,PF,6-8,80,210.0,3.0,87.0,278.0,43.0,11.0,IN,Ball State
Christopher Kirkpatrick,2026,SG,-0.20525215346704623,2026,SG,6-3,75,175.0,3.0,86.83333333333334,283.0,51.0,5.0,IL,Princeton
Jackson Ball,2026,SG,0.031602037484925155,2026,SG,6-4,76,,,,,,,NEW ,Wisconsin
Jonathan Moss,2026,PG,-0.888240627738892,2026,PG,6-0,72,160.0,3.0,85.0,304.0,46.0,4.0,KY,Appalachian State
Jaroslavs Pihtovs,2026,C,0.15606392660157872,2026,C,6-9,81,215.0,4.0,94.09793018226753,129.0,21.0,13.0,CA,San Francisco
Louis O'Keefe,2026,SG,-0.6254019667757026,2026,SG,6-3,75,180.0,3.0,82.0,337.0,60.0,10.0,MA,Princeton
Chadrack Mpoyi,2026,C,0.375167755354421,2026,C,6-10,82,240.0,4.0,92.89255125294936,152.0,29.0,16.0,CA,Minnesota
Marvin Christie,2026,SG,-1.310389433611566,2026,SG,6-3,75,180.0,,,,,,FL,Jacksonville State
Baron Walker,2026,CG,-0.434243219809976,2026,CG,6-1,73,180.0,,,,,,IN,Butler
Diing Maiwen,2026,SF,-1.8623862919734522,2026,SF,6-6,78,,,,,,,NY,__MISSING__
RJ Jones,2026,SG,-1.0373434587745467,2026,SG,6-4,76,175.0,,,,,,OH,Akron
Owen Foxwell,2026,PG,0.5506177166744467,2026,PG,6-2,74,180.0,,,,,,AUST,Wisconsin
Jake Feldhaus,2026,PF,-1.0309902448448227,2026,PF,6-8,80,220.0,,,,,,KY,South Florida
Colton Crowdis,2026,PG,-0.011112682089277185,2026,PG,6-4,76,180.0,,,,,,ME,Marquette
Amari Barrett,2026,SG,-1.1822157214933944,2026,SG,6-4,76,180.0,3.0,87.0,278.0,49.0,4.0,OK,__MISSING__
Maper Maker,2026,C,-0.3040648940126271,2026,C,7-0,84,215.0,4.0,92.65060240963855,157.0,31.0,4.0,AUST,__MISSING__
Trent Perry,2026,SF,1.4492174968468905,2026,SF,6-5,77,190.0,4.0,96.3849153581998,100.0,37.0,7.0,MO,Kansas
Jordan Smith Jr.,2026,CG,4.828145238302273,2026,CG,6-2,74,200.0,5.0,99.93087175905406,3.0,1.0,1.0,VA,Arkansas
Jaxon Richardson,2026,SF,3.2795444031986065,2026,SF,6-5,77,205.0,5.0,99.13912058490371,24.0,7.0,6.0,FL,Alabama
Jasen Lopez,2026,PG,0.8937608486542645,2026,PG,5-11,71,180.0,4.0,93.4136546184739,146.0,14.0,26.0,FL,Florida State
Kevin Thomas,2026,SF,0.9536968668635356,2026,SF,6-6,78,195.0,4.0,96.67929242051821,95.0,36.0,18.0,FL,North Carolina
Jaxson Terry,2026,SF,-0.029868746854766967,2026,SF,6-5,77,180.0,4.0,89.70281124497993,242.0,68.0,9.0,MA,Loyola
KJ Torbert,2026,SF,-1.2446809405347503,2026,SF,6-4,76,190.0,3.0,84.0,321.0,80.0,2.0,MI,Bowling Green
Manny Green,2026,PF,0.6933927697500203,2026,PF,6-6,78,205.0,4.0,91.63855421686746,166.0,27.0,9.0,GA,Tennessee
Phoenix Woodson,2026,PF,-0.5307680972130857,2026,PF,6-7,79,205.0,3.0,86.5,286.0,46.0,17.0,TX,New Mexico State
Donovan Criss,2026,SF,-0.1847007037372067,2026,SF,6-5,77,175.0,4.0,90.20348058902276,214.0,62.0,13.0,TX,UTEP
Mason Fuentes,2026,PG,-0.4410014892012941,2026,PG,6-2,74,160.0,4.0,91.91967871485943,164.0,17.0,29.0,FL,Stetson
Antonio Brown Jr,2026,SF,-1.669424888529561,2026,SF,6-4,76,185.0,,,,,,FL,__MISSING__
Kamden McGilveary,2026,CG,-1.1518202068687737,2026,CG,6-0,72,165.0,3.0,86.0,292.0,32.0,19.0,TX,Ball State
Tre Clark,2026,SF,-1.2101294338083415,2026,SF,6-7,79,185.0,,,,,,TX,UT-Arlington
Tyrease Hunter,2026,PG,-1.5133778744880049,2026,PG,6-2,74,170.0,,,,,,NJ,McNeese
Bradley Floyd,2026,SG,-0.1005644706788631,2026,SG,6-5,77,185.0,4.0,90.24497991967871,211.0,31.0,10.0,NC,Austin Peay
Marcus Gillespie,2026,SG,-0.08780291926405967,2026,SG,6-4,76,180.0,4.0,92.40963855421687,158.0,22.0,7.0,GA,Omaha
Phenix Card,2026,PG,-1.3200104641635169,2026,PG,5-11,71,160.0,3.0,81.0,355.0,62.0,14.0,VA,__MISSING__
Amare James,2026,SG,-0.15411793411186664,2026,SG,6-6,78,190.0,3.0,89.0,262.0,46.0,16.0,GA,Clemson
Milak Myatt,2026,CG,-1.6050773524930129,2026,CG,6-3,75,170.0,3.0,82.0,337.0,39.0,7.0,NJ,__MISSING__
Josh Goodwin,2026,SG,-1.139175014014298,2026,SG,6-5,77,175.0,3.0,82.0,337.0,60.0,30.0,TX,Northeastern
Jaxon Clark,2026,C,-0.6384803042593702,2026,C,6-10,82,,,,,,,IA,Colorado State
Malakhi Phillips,2026,CG,-1.7301016426480325,2026,CG,6-3,75,175.0,,,,,,NC,__MISSING__
Coleman Elkins,2026,C,0.4309204824723681,2026,C,6-10,82,240.0,,,,,,NJ,Texas
Luigi Suigo,2026,C,-1.5075626761877754,2026,C,7-3,87,240.0,,,,,,ITAL,__MISSING__
Tobiaz Tolbert,2026,PF,-1.6781127378557898,2026,PF,6-7,79,195.0,,,,,,GA,Kennesaw State
Marcus Zelee,2026,PG,-1.3338335527479013,2026,PG,6-2,74,185.0,3.0,80.0,365.0,65.0,36.0,TX,__MISSING__
Isaiah Carroll,2026,SF,-0.8890520422520655,2026,SF,6-6,78,190.0,3.0,85.0,304.0,76.0,6.0,NJ,Pennsylvania
Eric Fiedler,2026,PF,-0.059270850659035056,2026,PF,6-6,78,200.0,3.0,87.0,278.0,43.0,2.0,CO,Colorado State
BJ Ranson,2026,PG,-0.06537115393726549,2026,PG,6-3,75,,3.0,88.6425702811245,267.0,38.0,9.0,MD,Saint Joseph's
Chris Pohl,2026,PF,-1.0071580618500953,2026,PF,6-7,79,215.0,3.0,82.0,337.0,55.0,4.0,WI,Wyoming
Mason Williams,2026,PG,1.6602032384744336,2026,PG,6-2,74,185.0,4.0,93.882258129508,140.0,13.0,3.0,TN,Kentucky
Drake Sandi,2026,PG,-1.2441265527675083,2026,PG,5-11,71,170.0,,,,,,FL,American
Devan Christion,2026,PF,-1.3854569968645747,2026,PF,6-9,81,,,,,,,NV,Akron
Klark-Luca Riethauser,2026,SF,-1.6029438262555396,2026,SF,6-8,80,200.0,,,,,,SWIT,__MISSING__
Mykel Bruce-McCrommon,2026,SF,-1.4029753087716537,2026,SF,6-7,79,175.0,,,,,,PA,Kansas City
Lincoln Goodwin,2026,SF,-1.3245148101333373,2026,SF,6-5,77,180.0,,,,,,MO,Kansas City
JD Jones,2026,SG,0.19686524107158662,2026,SG,6-5,77,205.0,,,,,,AZ,Florida State
Atticus Richmond,2026,SF,0.5838362659172943,2026,SF,6-8,80,230.0,,,,,,MA,Kansas
Babacar Sane,2026,SF,-0.48622222731390063,2026,SF,6-8,80,,,,,,,SENE,St. John's
Kevin Roberts,2026,PG,-1.3911089179397444,2026,PG,6-3,75,190.0,,,,,,MS,__MISSING__
Breylon Webb,2026,SF,-0.7169226970932592,2026,SF,6-6,78,185.0,3.0,84.0,321.0,80.0,10.0,OH,La Salle
Elijah Williams,2026,SF,2.7537319559817623,2026,SF,6-6,78,200.0,5.0,98.71987392155019,35.0,12.0,4.0,TX,Baylor
Julius Price,2026,SG,0.718071153863799,2026,SG,6-2,74,190.0,4.0,91.65194109772422,165.0,23.0,17.0,CA,Stanford
Tristan Reed,2026,C,2.2983858141530247,2026,C,6-9,81,230.0,5.0,97.73636351425769,65.0,10.0,6.0,MO,Mississippi State
Jalen Grant,2026,PG,-1.5391071636983988,2026,PG,6-0,72,160.0,,,,,,NJ,__MISSING__
Katrelle Harmon,2026,CG,2.0268102870236846,2026,CG,6-3,75,188.0,5.0,97.33730910263125,78.0,7.0,3.0,UT,Creighton
Gabriel Sularski,2026,SF,-1.0799528523125004,2026,SF,6-5,77,180.0,3.0,89.0,262.0,70.0,9.0,UT,__MISSING__
Devin Hutcherson,2026,SG,0.4158001614526119,2026,SG,6-4,76,180.0,4.0,89.80321285140562,236.0,37.0,14.0,GA,Kansas State
Tyseandre Edwards,2026,SF,-1.691418812839971,2026,SF,6-5,77,170.0,,,,,,MO,__MISSING__
Traymaine Belanger,2026,SF,-1.1436294310174548,2026,SF,6-7,79,190.0,3.0,85.5,301.0,75.0,40.0,FL,Austin Peay
Alex Smith,2026,PF,0.7333836128822041,2026,PF,6-9,81,195.0,4.0,91.06291834002677,184.0,29.0,31.0,FL,Ohio State
Josh Irving,2026,C,2.0405365557203696,2026,C,6-10,82,200.0,5.0,97.58476492368582,68.0,12.0,6.0,CA,Texas A&M
Deuce Burkes,2026,PG,-1.4159732685523074,2026,PG,6-3,75,175.0,,,,,,WI,__MISSING__
Jermal Jones,2026,SG,0.7439082428014604,2026,SG,6-3,75,180.0,4.0,91.57028112449798,168.0,25.0,30.0,FL,Pittsburgh
Tucker Wadsworth,2026,SG,-0.8252689903615205,2026,SG,6-5,77,190.0,,,,,,AL,Troy
Mani Sajid,2026,SG,-0.5507202144545293,2026,SG,6-4,76,160.0,4.0,89.65461847389558,245.0,42.0,5.0,PA,Towson
Angelo Dickerson,2026,CG,-1.7473685847777072,2026,CG,6-4,76,176.0,,,,,,MD,__MISSING__
Mo Ndao,2026,SF,-1.6874946196284422,2026,SF,6-5,77,185.0,,,,,,TX,__MISSING__
Maxime Meyer,2026,C,1.6297643811248412,2026,C,7-1,85,215.0,4.0,94.51942888611302,116.0,18.0,21.0,FL,Duke
Xavier McKinney,2026,SG,-0.9096600262047102,2026,SG,6-3,75,170.0,,,,,,OH,Ohio
Kade Speckman,2026,PF,-0.7057088194999278,2026,PF,6-8,80,210.0,3.0,82.0,337.0,55.0,7.0,OK,Indiana State
Aeneas Alexander,2026,PF,-1.0248019212952562,2026,PF,6-7,79,195.0,3.0,86.0,292.0,49.0,19.0,TX,North Texas
Dikembe Shaw,2026,PF,-0.6944982115529013,2026,PF,6-7,79,210.0,3.0,89.0,262.0,42.0,9.0,IN,Illinois-Chicago
Daniel Johnson,2026,CG,-1.582886182427439,2026,CG,6-3,75,170.0,3.0,82.0,337.0,39.0,6.0,WA,__MISSING__
Carlos Medlock Jr.,2026,PG,2.584176651747344,2026,PG,5-11,71,165.0,5.0,98.23369285391284,50.0,5.0,4.0,MO,Michigan State
Aron Jelani Towa,2026,CG,-1.9810665046105458,2026,CG,6-4,76,,,,,,,FINL,__MISSING__
Ty Laur,2026,C,-0.7914690793358506,2026,C,6-8,80,225.0,3.0,84.0,321.0,44.0,9.0,IL,Southern Illinois
Mading Kuany,2026,SF,-0.17913973936646976,2026,SF,6-8,80,190.0,3.0,88.0,272.0,72.0,6.0,IA,Georgia
Rho Omed,2026,PF,-1.2850617085718823,2026,PF,6-10,82,200.0,,,,,,OH,Arkansas State
Frank Siaca Bey,2026,PF,-1.3632414155862895,2026,PF,6-9,81,215.0,,,,,,VA,Fordham
Ryan Brzezanski,2026,SF,-1.7324035209511823,2026,SF,6-8,80,180.0,,,,,,VA,__MISSING__
Derrick Hudson,2026,SF,-1.6586747919797464,2026,SF,6-7,79,195.0,,,,,,AR,__MISSING__
Malloy Smith,2026,CG,0.3454656214380849,2026,CG,6-5,77,190.0,,,,,,CA,North Carolina
Gedeon Basson,2026,CG,0.09121982504561071,2026,CG,6-1,73,200.0,,,,,,FL,Xavier
Imoh Erims,2026,C,-1.73525065373668,2026,C,6-9,81,210.0,,,,,,TX,Grambling State
Isaac Riddle,2026,SF,0.2985518678560659,2026,SF,6-8,80,200.0,,,,,,AUST,Wisconsin
Elisee Assui,2026,SG,0.28472621665908193,2026,SG,6-5,77,219.0,,,,,,ITAL,Florida State
Lenni Kunzewitsch,2026,SF,-1.3645886928934128,2026,SF,6-9,81,205.0,,,,,,GERM,South Alabama
Filip Malesevic,2026,C,-0.7625340444592245,2026,C,7-1,85,,,,,,,SERB,Arizona State
Saliou Niang,2026,SF,-0.1918718216132501,2026,SF,6-6,78,,,,,,,ITAL,LSU
Chase Hill,2026,PF,-0.5711911312335816,2026,PF,6-7,79,,,,,,,TX,Colorado
