feature,coefficient,abs_coefficient
cat__hs_school_fin_Duke,2.992671702116957,2.992671702116957
cat__hs_school_fin_Kentucky,2.6557478402526913,2.6557478402526913
cat__hs_school_fin_Gonzaga,1.942810874528657,1.942810874528657
cat__hs_school_fin_Chicago State,-1.9187073273763302,1.9187073273763302
cat__hs_school_fin_Central Arkansas,-1.7296162736859295,1.7296162736859295
cat__hs_school_fin_San Diego State,1.6389077203577052,1.6389077203577052
cat__hs_school_fin_Murray State,1.615198236960952,1.615198236960952
cat__hs_school_fin_Michigan,1.555652829891773,1.555652829891773
cat__hs_school_fin_West Virginia,1.5109631419856107,1.5109631419856107
cat__hs_school_fin_Arizona,1.4989083543237027,1.4989083543237027
cat__hs_school_fin_Iona,1.4484300477205612,1.4484300477205612
cat__hs_school_fin_Incarnate Word,-1.4387544902582627,1.4387544902582627
cat__hs_school_fin_Houston Christian,-1.4010871233875517,1.4010871233875517
cat__hs_school_fin_Kansas,1.345692267441644,1.345692267441644
cat__hs_school_fin_Coppin State,-1.3182590398809713,1.3182590398809713
cat__hs_school_fin_Louisville,1.3030349867848914,1.3030349867848914
cat__hs_school_fin_Southern Utah,-1.3020752998302416,1.3020752998302416
cat__hs_school_fin_Texas,1.2839142869968017,1.2839142869968017
cat__hs_school_fin_UMBC,-1.2798213302340975,1.2798213302340975
cat__hs_school_fin_Oregon,1.2656121239798506,1.2656121239798506
cat__hs_school_fin_Richmond,1.250402381460166,1.250402381460166
cat__hs_school_fin_Davidson,1.2437187178561866,1.2437187178561866
cat__hs_school_fin_St. Bonaventure,1.2426899019135544,1.2426899019135544
cat__hs_school_fin_Florida State,1.2225544379946383,1.2225544379946383
cat__hs_school_fin_Canisius,1.2192982831964467,1.2192982831964467
cat__hs_school_fin_UCLA,1.2119348825443266,1.2119348825443266
cat__hs_school_fin_Florida,1.1922410328717334,1.1922410328717334
cat__hs_school_fin_Ohio State,1.185652716416053,1.185652716416053
cat__hs_school_fin_Wisconsin,1.175088387587992,1.175088387587992
cat__hs_school_fin_IU Indy,-1.1670375744241985,1.1670375744241985
cat__hs_school_fin_Binghamton,-1.16338154661616,1.16338154661616
cat__hs_school_fin_Syracuse,1.1235928441829635,1.1235928441829635
cat__hs_school_fin_Boise State,1.120006705856489,1.120006705856489
cat__hs_school_fin_Central Connecticut State,-1.1130906584189686,1.1130906584189686
cat__hs_school_fin_East Tennessee State,1.1085170391678074,1.1085170391678074
cat__hs_school_fin_Houston,1.085550070229296,1.085550070229296
cat__hs_school_fin_Texas Tech,1.0720209482360892,1.0720209482360892
cat__hs_school_fin_Wichita State,1.0714778471306325,1.0714778471306325
cat__hs_school_fin_Lipscomb,-1.067578655642915,1.067578655642915
cat__hs_school_fin_Saint Francis (PA),-1.0673162616701926,1.0673162616701926
cat__hs_school_fin_Bryant,-1.0634930225800547,1.0634930225800547
cat__hs_school_fin_Manhattan,-1.0563989598944608,1.0563989598944608
cat__hs_school_fin_Prairie View A&M,-1.054803131597014,1.054803131597014
cat__hs_school_fin_Kennesaw State,-1.0522561041173333,1.0522561041173333
cat__hs_school_fin_Iowa,1.0353506144523617,1.0353506144523617
cat__hs_school_fin_Alcorn State,-1.034884060676685,1.034884060676685
cat__hs_school_fin_Florida A&M,-1.0305204275944302,1.0305204275944302
cat__hs_school_fin_Drexel,1.0287143210377179,1.0287143210377179
cat__hs_school_fin_North Dakota,-1.0272921610066519,1.0272921610066519
cat__hs_school_fin_San Jose State,-1.0164500432184338,1.0164500432184338
cat__hs_school_fin_Maine,-1.0073034585273652,1.0073034585273652
cat__hs_school_fin_Virginia,1.0068855051853125,1.0068855051853125
cat__hs_hometown_state_PORT,1.0056635057624825,1.0056635057624825
cat__hs_school_fin_Tennessee Tech,-1.0015779053412486,1.0015779053412486
cat__hs_hometown_state_UT,1.001553110145947,1.001553110145947
cat__hs_school_fin_Baylor,0.9906968108024161,0.9906968108024161
cat__hs_school_fin_None,-0.9820924353717502,0.9820924353717502
cat__hs_school_fin_Tennessee,0.9739383416495189,0.9739383416495189
cat__hs_school_fin_The Citadel,-0.9674911928799306,0.9674911928799306
cat__hs_school_fin_North Carolina,0.9507529557169215,0.9507529557169215
cat__hs_hometown_state_PUER,0.9449034232911465,0.9449034232911465
cat__hs_school_fin_New Orleans,-0.9402579873991598,0.9402579873991598
cat__hs_school_fin_Iowa State,0.9383224186183928,0.9383224186183928
cat__hs_school_fin_Norfolk State,-0.9319747479387779,0.9319747479387779
cat__hs_school_fin_Maryland,0.9216638472116168,0.9216638472116168
cat__hs_school_fin_McNeese,-0.9099356176953534,0.9099356176953534
cat__hs_school_fin_San Diego,-0.9092523159931953,0.9092523159931953
cat__hs_school_fin_Oklahoma,0.9003757653876138,0.9003757653876138
cat__hs_school_fin_Howard,-0.8612078356602592,0.8612078356602592
cat__hs_school_fin_Niagara,-0.8584099485958371,0.8584099485958371
cat__hs_school_fin_Butler,0.8582306263249099,0.8582306263249099
cat__hs_school_fin_Indiana,0.8513825309528303,0.8513825309528303
cat__hs_school_fin_Seattle,-0.8508033025783639,0.8508033025783639
cat__hs_school_fin_Northern Illinois,-0.8501812367612895,0.8501812367612895
cat__hs_school_fin_Sacred Heart,-0.8489229036823093,0.8489229036823093
cat__hs_school_fin_Idaho,0.8362821898555232,0.8362821898555232
cat__hs_school_fin_Abilene Christian,-0.8327666831133738,0.8327666831133738
cat__hs_school_fin_Alabama,0.8289600876188945,0.8289600876188945
cat__hs_school_fin_Presbyterian,-0.8286573153706883,0.8286573153706883
cat__hs_school_fin_Louisiana Tech,0.8274199488225744,0.8274199488225744
cat__hs_hometown_state_NEW ,-0.819491863820134,0.819491863820134
cat__hs_school_fin_Michigan State,0.8186139650502552,0.8186139650502552
num__hs_stars,0.8174750958345515,0.8174750958345515
cat__hs_school_fin_New Hampshire,-0.8161089287986213,0.8161089287986213
cat__hs_hometown_state_FINL,0.8129829789219604,0.8129829789219604
cat__hs_school_fin_High Point,-0.8122778197859138,0.8122778197859138
cat__hs_school_fin_Morehead State,0.80699619816614,0.80699619816614
cat__hs_school_fin_Oklahoma State,0.804367470587666,0.804367470587666
cat__hs_school_fin_Belmont,0.8001723622250371,0.8001723622250371
cat__hs_hometown_state_CANA,-0.7972401154693842,0.7972401154693842
cat__hs_school_fin_Ball State,-0.7969431793777034,0.7969431793777034
cat__hs_hometown_state_MT,0.7948037401614233,0.7948037401614233
cat__hs_school_fin_South Dakota State,0.7944087587404234,0.7944087587404234
cat__hs_school_fin_Bowling Green,-0.7783734456248501,0.7783734456248501
cat__hs_school_fin_North Alabama,-0.7759108837863199,0.7759108837863199
cat__hs_hometown_state_IA,0.7623372692863993,0.7623372692863993
cat__hs_school_fin_Cincinnati,0.751281208472597,0.751281208472597
cat__hs_school_fin_North Florida,-0.748787352636255,0.748787352636255
cat__hs_school_fin_Mount St. Mary's,-0.7431136786836571,0.7431136786836571
cat__hs_school_fin_Memphis,0.7366520512621789,0.7366520512621789
cat__hs_hometown_state_LITH,-0.7349355334681409,0.7349355334681409
cat__hs_school_fin_Villanova,0.7316399001702789,0.7316399001702789
cat__hs_school_fin_UT-Arlington,0.729300196478331,0.729300196478331
cat__hs_school_fin_South Carolina Upstate,-0.7281274190167278,0.7281274190167278
cat__hs_hometown_state_NZ,-0.723270784485502,0.723270784485502
cat__hs_school_fin_Utah Valley,-0.719044378799371,0.719044378799371
cat__hs_school_fin_Arkansas,0.7183814138458362,0.7183814138458362
cat__hs_school_fin_Saint Mary's,0.7117029232544799,0.7117029232544799
cat__hs_school_fin_BYU,0.7110771434760951,0.7110771434760951
cat__hs_school_fin_Grambling State,-0.7061876736307192,0.7061876736307192
cat__hs_hometown_state_SWED,-0.7023471250519548,0.7023471250519548
cat__hs_school_fin_Virginia Tech,0.7004478942616557,0.7004478942616557
cat__hs_school_fin_Alabama State,-0.7002937690873928,0.7002937690873928
cat__hs_school_fin_Northern Arizona,-0.6992696653602941,0.6992696653602941
cat__hs_school_fin_UC Davis,-0.6927795526160964,0.6927795526160964
cat__hs_school_fin_Milwaukee,-0.6848266697501689,0.6848266697501689
cat__hs_school_fin_Bradley,-0.683687746302654,0.683687746302654
cat__hs_school_fin_Utah State,0.6810057472112525,0.6810057472112525
cat__hs_school_fin_William & Mary,-0.6800336225720676,0.6800336225720676
cat__hs_hometown_state_CONG,-0.6757573313787072,0.6757573313787072
cat__hs_school_fin_VCU,0.6690986012494107,0.6690986012494107
cat__hs_hometown_state_SW,0.6676161919596206,0.6676161919596206
cat__hs_school_fin_American,-0.6655707017837764,0.6655707017837764
cat__hs_school_fin_Dayton,0.6623563716384665,0.6623563716384665
cat__hs_hometown_state_AUST,0.6608565670224313,0.6608565670224313
cat__hs_school_fin_Texas State,0.6607156471739986,0.6607156471739986
cat__hs_school_fin_South Alabama,-0.6539469172688422,0.6539469172688422
cat__hs_school_fin_Kansas City,-0.6465218565323124,0.6465218565323124
cat__hs_hometown_state_NA,-0.6395033606613886,0.6395033606613886
cat__hs_school_fin_Miami (OH),-0.6383332149780017,0.6383332149780017
cat__hs_school_fin_Longwood,-0.630243003684204,0.630243003684204
cat__hs_school_fin_Towson,-0.6301854482738448,0.6301854482738448
cat__hs_school_fin_Stetson,-0.6192515280963263,0.6192515280963263
cat__hs_school_fin_Mississippi Valley State,-0.6181169936655047,0.6181169936655047
cat__hs_school_fin_Southeast Missouri State,-0.6177348523541368,0.6177348523541368
cat__hs_school_fin_Fairfield,-0.6151307243607854,0.6151307243607854
cat__hs_school_fin_Duquesne,0.6150773956967283,0.6150773956967283
cat__hs_school_fin_Marquette,0.612953568328167,0.612953568328167
cat__hs_hometown_state_GERM,0.6070300263020887,0.6070300263020887
cat__hs_school_fin_Army,-0.6069458692014241,0.6069458692014241
cat__hs_school_fin_LSU,0.6031347814746711,0.6031347814746711
cat__hs_hometown_state_SERB,-0.6030885958912733,0.6030885958912733
cat__hs_school_fin_Bethune-Cookman,-0.5993067197319495,0.5993067197319495
cat__hs_school_fin_Western Michigan,-0.5967698088697208,0.5967698088697208
cat__hs_school_fin_Florida Gulf Coast,-0.5930063471873458,0.5930063471873458
cat__hs_school_fin_Louisiana-Monroe,-0.5890132231970079,0.5890132231970079
cat__hs_school_fin_UMass Lowell,-0.587906746561374,0.587906746561374
cat__hs_school_fin_Pittsburgh,0.5873361296491266,0.5873361296491266
cat__hs_school_fin_UC Riverside,-0.5853282482318021,0.5853282482318021
cat__hs_school_fin_Fresno State,0.5805252640547742,0.5805252640547742
cat__hs_school_fin_Creighton,0.5798872857994978,0.5798872857994978
cat__hs_school_fin_Western Illinois,-0.5789818956413774,0.5789818956413774
cat__hs_school_fin_Austin Peay,0.5683616147609946,0.5683616147609946
cat__hs_school_fin_Northern Kentucky,0.5646683792021354,0.5646683792021354
cat__hs_school_fin_Holy Cross,-0.5640472152062065,0.5640472152062065
cat__hs_school_fin_Georgetown,0.5640247082282237,0.5640247082282237
cat__hs_school_fin_Alabama A&M,-0.5633354698659112,0.5633354698659112
cat__hs_school_fin_Little Rock,-0.5573893595614174,0.5573893595614174
cat__hs_school_fin_USC,0.5522877068271913,0.5522877068271913
cat__hs_school_fin_Kansas State,0.549516475701802,0.549516475701802
cat__hs_hometown_state_NETH,-0.5468756032174008,0.5468756032174008
cat__hs_school_fin_San Francisco,0.5450553233211075,0.5450553233211075
cat__hs_hometown_state_ME,-0.5443037381452617,0.5443037381452617
cat__hs_school_fin_Southeastern Louisiana,-0.5425281170863007,0.5425281170863007
cat__hs_school_fin_Colorado State,0.5424466438483487,0.5424466438483487
cat__hs_school_fin_Denver,0.5391306568453307,0.5391306568453307
cat__hs_school_fin_Purdue,0.5365114241918075,0.5365114241918075
cat__hs_school_fin_UTSA,-0.5362454590804104,0.5362454590804104
cat__hs_school_fin_Delaware State,-0.5331168148125597,0.5331168148125597
cat__hs_hometown_state_NE,0.5329944850184207,0.5329944850184207
cat__hs_school_fin_North Texas,-0.5302702327229576,0.5302702327229576
cat__hs_hometown_state_OK,0.5298291963959748,0.5298291963959748
cat__hs_school_fin_Hampton,-0.5286327138595285,0.5286327138595285
cat__hs_school_fin_Columbia,-0.5268241324856772,0.5268241324856772
cat__hs_school_fin_UConn,0.5262038299412172,0.5262038299412172
cat__hs_school_fin_SIU Edwardsville,-0.5261194735508418,0.5261194735508418
cat__hs_school_fin_Washington,0.5253107140936045,0.5253107140936045
cat__hs_school_fin_VMI,-0.5244523297214803,0.5244523297214803
cat__hs_school_fin_Georgia Tech,0.5227170675518511,0.5227170675518511
cat__hs_school_fin_Marist,-0.5182418909524648,0.5182418909524648
cat__hs_hometown_state_BV,-0.5168208073477543,0.5168208073477543
cat__hs_school_fin_Jacksonville,-0.5150921073201685,0.5150921073201685
cat__hs_position_C,-0.5131105855185399,0.5131105855185399
cat__hs_school_fin_Pepperdine,0.5093523075568712,0.5093523075568712
cat__hs_school_fin_Illinois-Chicago,-0.5083600954761643,0.5083600954761643
cat__hs_school_fin_Nevada,0.5080669368317475,0.5080669368317475
cat__hs_school_fin_Loyola Marymount,-0.5064796239871063,0.5064796239871063
cat__hs_school_fin_Appalachian State,-0.5063015824534791,0.5063015824534791
cat__hs_hometown_state_VC,-0.4999617053862651,0.4999617053862651
cat__hs_school_fin_Stony Brook,-0.4948701922838455,0.4948701922838455
cat__hs_school_fin_Texas A&M,0.4941310379791667,0.4941310379791667
cat__hs_school_fin_Cornell,-0.4936768070768506,0.4936768070768506
cat__hs_hometown_state_WV,0.48793240741426774,0.48793240741426774
cat__hs_school_fin_East Carolina,-0.48613103606694985,0.48613103606694985
cat__hs_school_fin_Loyola,0.48319062927763634,0.48319062927763634
cat__hs_school_fin_Kent State,-0.4820741034700975,0.4820741034700975
cat__hs_school_fin_Tulane,-0.4818308368183609,0.4818308368183609
cat__hs_hometown_state_KY,0.47681310460927157,0.47681310460927157
cat__hs_school_fin_Miami,0.47665880075069317,0.47665880075069317
cat__hs_hometown_state_CROA,0.47569021167897096,0.47569021167897096
cat__hs_hometown_state_POLA,-0.4751171270452474,0.4751171270452474
cat__hs_hometown_state_QL,-0.4675018825720125,0.4675018825720125
cat__hs_school_fin_Nicholls,-0.46147680466467494,0.46147680466467494
cat__hs_school_fin_Southern Indiana,-0.4613924061520333,0.4613924061520333
cat__hs_school_fin_Monmouth,-0.4556729832651862,0.4556729832651862
cat__hs_hometown_state_IS,-0.45524584185349043,0.45524584185349043
cat__hs_hometown_state_ON,0.45451061274311005,0.45451061274311005
cat__hs_school_fin_Valparaiso,0.4535668281435823,0.4535668281435823
cat__hs_school_fin_Furman,-0.452623211127611,0.452623211127611
cat__hs_school_fin_UTEP,-0.44801171135297263,0.44801171135297263
cat__hs_school_fin_Oral Roberts,0.44359147379394415,0.44359147379394415
cat__hs_school_fin_James Madison,-0.4416104770685725,0.4416104770685725
cat__hs_school_fin_Radford,0.4413822885936364,0.4413822885936364
cat__hs_hometown_state_RE,-0.43915793801991937,0.43915793801991937
cat__hs_school_fin_TCU,-0.4390719100227232,0.4390719100227232
cat__hs_hometown_state_MN,0.43835602672063534,0.43835602672063534
cat__hs_school_fin_Seton Hall,0.4316120223427032,0.4316120223427032
cat__hs_school_fin_North Dakota State,-0.42771469674626406,0.42771469674626406
cat__hs_school_fin_Drake,-0.42758564213135014,0.42758564213135014
cat__hs_school_fin_California,0.42129840255799517,0.42129840255799517
cat__hs_school_fin_Auburn,0.42067677663285774,0.42067677663285774
cat__hs_school_fin_Cal State Northridge,-0.4192191545528728,0.4192191545528728
cat__hs_position_PG,0.41847141964301315,0.41847141964301315
cat__hs_school_fin_Marshall,0.41829697321817166,0.41829697321817166
cat__hs_school_fin_Cleveland State,-0.4180222024339376,0.4180222024339376
cat__hs_school_fin_Portland,-0.41752896814704943,0.41752896814704943
cat__hs_school_fin_Hartford,0.4160090206042489,0.4160090206042489
cat__hs_school_fin_Rhode Island,0.4114604071285444,0.4114604071285444
cat__hs_hometown_state_ITAL,-0.4106955961149564,0.4106955961149564
cat__hs_hometown_state_SLOV,0.41067161015694764,0.41067161015694764
cat__hs_school_fin_Coastal Carolina,0.40985710910907636,0.40985710910907636
cat__hs_school_fin_UC Santa Barbara,-0.40972817523213517,0.40972817523213517
cat__hs_school_fin_NC State,0.407121897020918,0.407121897020918
cat__hs_school_fin_South Carolina State,-0.406100586730473,0.406100586730473
cat__hs_school_fin_Maryland Eastern Shore,-0.4010181571685045,0.4010181571685045
cat__hs_school_fin_Evansville,-0.4007993116895534,0.4007993116895534
cat__hs_school_fin_Georgia State,0.3936036339486407,0.3936036339486407
cat__hs_hometown_state_UKRA,-0.3935739239270706,0.3935739239270706
cat__hs_hometown_state_NIGE,-0.3915754921232553,0.3915754921232553
cat__hs_school_fin_Missouri State,0.39141195626041775,0.39141195626041775
cat__hs_school_fin_Colorado,0.3913129245898246,0.3913129245898246
cat__hs_school_fin_Albany,-0.3873145996088231,0.3873145996088231
cat__hs_school_fin_Colgate,-0.38646099844931325,0.38646099844931325
cat__hs_school_fin_UNC Wilmington,-0.38041515061616615,0.38041515061616615
cat__hs_hometown_state_DE,0.37485636261858424,0.37485636261858424
cat__hs_school_fin_Chattanooga,-0.37111924556860876,0.37111924556860876
cat__hs_school_fin_Cal Poly,-0.37004124043994496,0.37004124043994496
cat__hs_position_PF,-0.36981961593488727,0.36981961593488727
cat__hs_school_fin_Purdue Fort Wayne,-0.362650520214052,0.362650520214052
cat__hs_hometown_state_WY,0.36220970648430156,0.36220970648430156
cat__hs_school_fin_Utah,0.3612817453962517,0.3612817453962517
cat__hs_school_fin_Detroit Mercy,0.35925684920387685,0.35925684920387685
cat__hs_school_fin_Bucknell,-0.35806840940713375,0.35806840940713375
num__hs_national_rank,-0.3563282211554383,0.3563282211554383
cat__hs_school_fin_Fordham,-0.35524734515556616,0.35524734515556616
cat__hs_hometown_state_AC,-0.3509414040633489,0.3509414040633489
cat__hs_school_fin_St. John's,0.35023299316574336,0.35023299316574336
cat__hs_school_fin_Gardner-Webb,0.3479799820456643,0.3479799820456643
cat__hs_school_fin_Wagner,-0.34683121059539557,0.34683121059539557
cat__hs_school_fin_UC Irvine,-0.3467127668561256,0.3467127668561256
cat__hs_school_fin_Arkansas-Pine Bluff,-0.3465245951511094,0.3465245951511094
cat__hs_hometown_state_HI,-0.3438548198146432,0.3438548198146432
cat__hs_school_fin_Jackson State,-0.3404514403535573,0.3404514403535573
cat__hs_school_fin_Liberty,-0.34014391470621724,0.34014391470621724
cat__hs_school_fin_Montana,0.3396914359876901,0.3396914359876901
cat__hs_school_fin_Loyola Maryland,-0.33678216972924896,0.33678216972924896
cat__hs_hometown_state_MS,-0.334617710147633,0.334617710147633
cat__hs_school_fin_Lehigh,-0.33361957534983583,0.33361957534983583
cat__hs_school_fin_Indiana State,0.33152720309829714,0.33152720309829714
cat__hs_school_fin_Santa Clara,-0.3282292189129975,0.3282292189129975
cat__hs_school_fin_Louisiana,0.3262680649013366,0.3262680649013366
cat__hs_hometown_state_DOMI,-0.32449042460506095,0.32449042460506095
cat__hs_school_fin_Fairleigh Dickinson,-0.3237610947128835,0.3237610947128835
cat__hs_hometown_state_WI,0.31891595613228724,0.31891595613228724
cat__hs_school_fin_Princeton,0.3173846036589434,0.3173846036589434
cat__hs_hometown_state_IN,0.3170611085307968,0.3170611085307968
cat__hs_school_fin_Cal State Fullerton,-0.3158009230413609,0.3158009230413609
cat__hs_hometown_state_OR,0.3140440190218067,0.3140440190218067
cat__hs_position_CG,0.3126047713810235,0.3126047713810235
cat__hs_school_fin_Texas-Rio Grande Valley,-0.305838548605453,0.305838548605453
cat__hs_school_fin_Green Bay,-0.29933883691975555,0.29933883691975555
cat__hs_school_fin_Northeastern,0.2947348264581718,0.2947348264581718
cat__hs_school_fin_Tarleton State,0.2917473593771633,0.2917473593771633
cat__hs_school_fin_Washington State,0.29143612903610006,0.29143612903610006
cat__hs_hometown_state_FRAN,0.2884429627056637,0.2884429627056637
cat__hs_hometown_state_AL,-0.28591494377493204,0.28591494377493204
cat__hs_school_fin_Hofstra,-0.2846517269055968,0.2846517269055968
cat__hs_hometown_state_SOUT,0.2830375402934813,0.2830375402934813
cat__hs_school_fin_Illinois,0.2822915313965139,0.2822915313965139
cat__hs_school_fin_Nebraska,-0.2818782888636967,0.2818782888636967
cat__hs_school_fin_dupe NJIT,0.2817329145936536,0.2817329145936536
cat__hs_hometown_state_URUG,-0.28105917017735005,0.28105917017735005
cat__hs_school_fin_UMass,0.28079372443959905,0.28079372443959905
cat__hs_school_fin_Lafayette,-0.27884336982436786,0.27884336982436786
cat__hs_school_fin_UCF,0.27857155273643214,0.27857155273643214
cat__hs_school_fin_Southern,0.2736866005673774,0.2736866005673774
cat__hs_school_fin_Vanderbilt,0.2689320039513754,0.2689320039513754
cat__hs_school_fin_Texas A&M Corpus Christi,-0.2688989052494546,0.2688989052494546
cat__hs_school_fin_North Carolina A&T,-0.2649917687816805,0.2649917687816805
cat__hs_school_fin_George Mason,-0.2607548364742525,0.2607548364742525
cat__hs_school_fin_Eastern Washington,-0.25674170648422434,0.25674170648422434
cat__hs_school_fin_Saint Peter's,-0.2564389313948453,0.2564389313948453
cat__hs_hometown_state_SENE,-0.2547437715703109,0.2547437715703109
cat__hs_hometown_state_BC,-0.2545188027571544,0.2545188027571544
cat__hs_school_fin_Charlotte,0.2535679792104792,0.2535679792104792
cat__hs_school_fin_Northwestern,0.2534324753786359,0.2534324753786359
cat__hs_hometown_state_JP,-0.2517289506421829,0.2517289506421829
cat__hs_school_fin_Grand Canyon,-0.2514198188485159,0.2514198188485159
cat__hs_school_fin_Clemson,-0.24311615957091692,0.24311615957091692
cat__hs_school_fin_North Carolina Central,-0.24174445589599983,0.24174445589599983
cat__hs_hometown_state_CO,0.24089386891619713,0.24089386891619713
num__hs_weight,0.2401918771091307,0.2401918771091307
cat__hs_school_fin_Stanford,0.2399579232443054,0.2399579232443054
cat__hs_school_fin_Notre Dame,0.23961429111713997,0.23961429111713997
cat__hs_school_fin_Sacramento State,-0.23900809025114617,0.23900809025114617
cat__hs_school_fin_Boston University,0.23869677150658306,0.23869677150658306
cat__hs_school_fin_Virginia Military Institute,-0.23746193357339887,0.23746193357339887
cat__hs_school_fin_Rutgers,0.23716280047390378,0.23716280047390378
cat__hs_hometown_state_MI,0.23613574520013603,0.23613574520013603
cat__hs_school_fin_Vermont,0.23400345892813607,0.23400345892813607
cat__hs_hometown_state_ENGL,0.23398995566888428,0.23398995566888428
cat__hs_hometown_state_CY,-0.23320424802097028,0.23320424802097028
cat__hs_school_fin_Merrimack,-0.23296513430956242,0.23296513430956242
cat__hs_hometown_state_ESTO,-0.23242084054889273,0.23242084054889273
cat__hs_school_fin_Navy,-0.23029573507545203,0.23029573507545203
num__hs_position_rank,0.22817640631896888,0.22817640631896888
cat__hs_school_fin_Lamar,-0.22687303899409264,0.22687303899409264
cat__hs_hometown_state_MEXI,0.2250762079735806,0.2250762079735806
cat__hs_school_fin_Jacksonville State,-0.2235142524213392,0.2235142524213392
cat__hs_hometown_state_SPAI,-0.2229937881639308,0.2229937881639308
cat__hs_school_fin_Wake Forest,0.22291764811408105,0.22291764811408105
cat__hs_school_fin_UNC Asheville,0.22213270354177608,0.22213270354177608
cat__hs_school_fin_UC San Diego,0.22014737740537763,0.22014737740537763
cat__hs_hometown_state_FR,-0.21944204912765905,0.21944204912765905
cat__hs_hometown_state_AR,0.21789628203742892,0.21789628203742892
cat__hs_school_fin_Buffalo,0.2171750653566695,0.2171750653566695
cat__hs_hometown_state_NM,-0.21347690217737406,0.21347690217737406
cat__hs_school_fin_Ohio,0.2134531174302485,0.2134531174302485
cat__hs_school_fin_Temple,0.211470295234945,0.211470295234945
cat__hs_school_fin_Long Beach State,0.21131496166771416,0.21131496166771416
cat__hs_hometown_state_CA,-0.210593593858163,0.210593593858163
cat__hs_hometown_state_NB,0.20791871169154003,0.20791871169154003
cat__hs_school_fin_UNC Greensboro,-0.20111915268219382,0.20111915268219382
cat__hs_hometown_state_GA,-0.19556270710769003,0.19556270710769003
cat__hs_school_fin_Wyoming,-0.19346090301475444,0.19346090301475444
cat__hs_school_fin_Cal State Bakersfield,-0.19160877463794515,0.19160877463794515
cat__hs_school_fin_Mississippi State,0.1886414267184578,0.1886414267184578
cat__hs_hometown_state_KS,0.18733821538394824,0.18733821538394824
cat__hs_school_fin_Florida Atlantic,-0.18634077845735245,0.18634077845735245
cat__hs_school_fin_Portland State,-0.18485760973606977,0.18485760973606977
cat__hs_school_fin_Toledo,-0.18482013091819552,0.18482013091819552
cat__hs_school_fin_Professional,-0.1848148922767448,0.1848148922767448
cat__hs_hometown_state_FL,-0.1841465279402117,0.1841465279402117
cat__hs_school_fin_Elon,-0.18399895442719663,0.18399895442719663
cat__hs_hometown_state_CAME,-0.1826277049675405,0.1826277049675405
cat__hs_school_fin_DePaul,-0.1798739366634185,0.1798739366634185
cat__hs_hometown_state_DP,0.1793468153609299,0.1793468153609299
cat__hs_hometown_state_BAHA,-0.17894170049626756,0.17894170049626756
cat__hs_school_fin_UAB,0.1761295737834436,0.1761295737834436
cat__hs_school_fin_Southern Miss,0.1753189634317256,0.1753189634317256
cat__hs_school_fin_Akron,0.17302426333254461,0.17302426333254461
cat__hs_school_fin_Siena,0.17220357043580256,0.17220357043580256
cat__hs_school_fin_Morgan State,-0.16901790010099219,0.16901790010099219
cat__hs_hometown_state_AK,0.16881719362761338,0.16881719362761338
cat__hs_school_fin_Charleston Southern,0.16734504725754062,0.16734504725754062
cat__hs_school_fin_Samford,-0.1645331565509785,0.1645331565509785
cat__hs_hometown_state_MACE,0.16082908918361663,0.16082908918361663
cat__hs_school_fin_Brown,-0.15915843647794603,0.15915843647794603
cat__hs_hometown_state_QC,0.15895483279341674,0.15895483279341674
cat__hs_hometown_state_ICEL,0.1567450968631156,0.1567450968631156
cat__hs_hometown_state_BELG,-0.15453417373585213,0.15453417373585213
cat__hs_school_fin_Saint Louis,0.1536055721048361,0.1536055721048361
cat__hs_school_fin_Central Michigan,-0.15008714887903934,0.15008714887903934
cat__hs_hometown_state_ID,-0.14822791852144362,0.14822791852144362
cat__hs_hometown_state_AN,0.14772245416718607,0.14772245416718607
cat__hs_school_fin_Minnesota,-0.14688942838496627,0.14688942838496627
cat__hs_school_fin_College of Charleston,0.1464520568355038,0.1464520568355038
cat__hs_school_fin_Weber State,-0.14619342256797718,0.14619342256797718
cat__hs_hometown_state_MA,-0.14579333941927375,0.14579333941927375
cat__hs_school_fin_Quinnipiac,-0.14500489438766026,0.14500489438766026
cat__hs_hometown_state_SC,-0.1433766465232676,0.1433766465232676
cat__hs_school_fin_FIU,-0.14256748714809953,0.14256748714809953
cat__hs_school_fin_Northern Colorado,-0.1418943410334916,0.1418943410334916
cat__hs_hometown_state_NH,0.1416579607643361,0.1416579607643361
cat__hs_position_SG,0.1414312615808647,0.1414312615808647
cat__hs_school_fin_Wright State,-0.13637351438359946,0.13637351438359946
cat__hs_school_fin_Tennessee State,-0.13527038706853386,0.13527038706853386
cat__hs_school_fin_Eastern Illinois,-0.13280974883317337,0.13280974883317337
cat__hs_hometown_state_VA,-0.13175982158923785,0.13175982158923785
cat__hs_school_fin_Arkansas State,-0.12906666981585824,0.12906666981585824
cat__hs_school_fin_Pennsylvania,-0.1288648536704717,0.1288648536704717
cat__hs_school_fin_Winthrop,-0.12717318110736123,0.12717318110736123
cat__hs_school_fin_Xavier,0.12693571573134707,0.12693571573134707
cat__hs_school_fin_Georgia Southern,-0.1261473481001135,0.1261473481001135
cat__hs_school_fin_Missouri,0.1259992089894655,0.1259992089894655
cat__hs_school_fin_Eastern Kentucky,0.1251101667331573,0.1251101667331573
cat__hs_school_fin_Middle Tennessee,-0.12510560497551954,0.12510560497551954
cat__hs_school_fin_New Mexico,-0.12058958524166366,0.12058958524166366
cat__hs_hometown_state_EN,-0.11933959126242612,0.11933959126242612
cat__hs_school_fin_Western Carolina,-0.1188006106779424,0.1188006106779424
cat__hs_school_fin_Ole Miss,0.11716069287899163,0.11716069287899163
cat__hs_school_fin_Rider,0.11642156545039485,0.11642156545039485
cat__hs_hometown_state_PA,-0.1155296547173156,0.1155296547173156
cat__hs_school_fin_Sam Houston,0.1148687115985778,0.1148687115985778
cat__hs_school_fin_Omaha,-0.11138632163095938,0.11138632163095938
cat__hs_hometown_state_ND,0.10736225539577032,0.10736225539577032
cat__hs_school_fin_Yale,0.10522990595053217,0.10522990595053217
cat__hs_hometown_state_NV,-0.10246615951593913,0.10246615951593913
cat__hs_hometown_state_OH,0.09921248902428172,0.09921248902428172
cat__hs_hometown_state_EGYP,0.09834785394479217,0.09834785394479217
cat__hs_hometown_state_CT,0.09665171342452261,0.09665171342452261
cat__hs_school_fin_La Salle,0.09567119812568309,0.09567119812568309
cat__hs_hometown_state_NJ,0.09374802903055825,0.09374802903055825
cat__hs_school_fin_Northwestern State,0.09252055176343262,0.09252055176343262
cat__hs_school_fin_Oregon State,-0.09209490191701303,0.09209490191701303
cat__hs_school_fin_Saint Joseph's,0.08932463811564721,0.08932463811564721
cat__hs_school_fin_New Mexico State,-0.08886450288602046,0.08886450288602046
cat__hs_school_fin_George Washington,0.08667742608393143,0.08667742608393143
cat__hs_hometown_state_MO,0.0860754864529659,0.0860754864529659
cat__hs_school_fin_SMU,0.08587137536516573,0.08587137536516573
cat__hs_school_fin_South Dakota,-0.08512306445027526,0.08512306445027526
cat__hs_school_fin_Western Kentucky,-0.08187790473915654,0.08187790473915654
cat__hs_school_fin_Idaho State,-0.08090830626557335,0.08090830626557335
cat__hs_hometown_state_AZ,0.07777881521681916,0.07777881521681916
cat__hs_school_fin_Montana State,0.07740954463071648,0.07740954463071648
cat__hs_hometown_state_TX,-0.07583734690698755,0.07583734690698755
cat__hs_school_fin_Troy,0.07505733870554931,0.07505733870554931
cat__hs_school_fin_Bellarmine,-0.070388591202043,0.070388591202043
cat__hs_school_fin_South Florida,-0.06762474730516668,0.06762474730516668
cat__hs_school_fin_Old Dominion,0.06320414434710772,0.06320414434710772
cat__hs_school_fin_Eastern Michigan,0.061028055208891076,0.061028055208891076
cat__hs_hometown_state_SCOT,-0.060907112229537125,0.060907112229537125
cat__hs_hometown_state_NY,0.060874157005981484,0.060874157005981484
cat__hs_school_fin_Arizona State,-0.05897748276876018,0.05897748276876018
num__hs_height_in,-0.05784264416170487,0.05784264416170487
cat__hs_hometown_state_MD,-0.05736809201593447,0.05736809201593447
cat__hs_school_fin_Northern Iowa,-0.052272419430870326,0.052272419430870326
cat__hs_hometown_state_MALI,0.05057246587919362,0.05057246587919362
cat__hs_school_fin_Tulsa,-0.05055998704877543,0.05055998704877543
cat__hs_hometown_state_REPU,0.05030967740052919,0.05030967740052919
cat__hs_hometown_state_PR,-0.050175024235385154,0.050175024235385154
num__hs_rating,0.0440186177431491,0.0440186177431491
num__hs_state_rank,0.042929738055003094,0.042929738055003094
cat__hs_school_fin_NJIT,0.042079632901860224,0.042079632901860224
cat__hs_hometown_state_DC,0.04099631064274051,0.04099631064274051
cat__hs_school_fin_Southern Illinois,-0.040707484847129626,0.040707484847129626
cat__hs_hometown_state_TN,-0.03997191711696306,0.03997191711696306
cat__hs_hometown_state_RI,0.0381566426156237,0.0381566426156237
cat__hs_school_fin_Pacific,0.03801008121803776,0.03801008121803776
cat__hs_school_fin_UNLV,-0.03796948204970026,0.03796948204970026
cat__hs_school_fin_Providence,0.03546335128100873,0.03546335128100873
cat__hs_school_fin_Georgia,0.035434340286651635,0.035434340286651635
cat__hs_school_fin_Dartmouth,-0.03536043859160976,0.03536043859160976
cat__hs_school_fin_Youngstown State,-0.034250752932716004,0.034250752932716004
cat__hs_hometown_state_CZEC,0.03410254339351488,0.03410254339351488
cat__hs_school_fin_Mercer,0.03356069573505493,0.03356069573505493
cat__hs_school_fin_Hawaii,0.027156523505056124,0.027156523505056124
cat__hs_hometown_state_VT,-0.027051595654526885,0.027051595654526885
cat__hs_hometown_state_IL,0.02649785736937412,0.02649785736937412
cat__hs_hometown_state_NC,-0.025218593440470293,0.025218593440470293
cat__hs_hometown_state_SD,0.02426713389324999,0.02426713389324999
cat__hs_school_fin_Campbell,-0.02213507694122973,0.02213507694122973
cat__hs_hometown_state_WA,0.021743346831195286,0.021743346831195286
cat__hs_school_fin_Texas Southern,0.020867243618581142,0.020867243618581142
cat__hs_school_fin_Illinois State,0.020516319459080102,0.020516319459080102
cat__hs_school_fin_Penn State,0.01931059356933624,0.01931059356933624
cat__hs_school_fin_South Carolina,-0.01864145364172885,0.01864145364172885
cat__hs_school_fin_Rice,-0.01759542210631128,0.01759542210631128
num__hs_year,-0.017583124638094097,0.017583124638094097
cat__hs_school_fin_UT Martin,0.013986222555625616,0.013986222555625616
cat__hs_position_SF,0.010422748848513606,0.010422748848513606
cat__hs_school_fin_Duplicate,-0.009978176626640946,0.009978176626640946
cat__hs_school_fin_Oakland,0.009422394895673506,0.009422394895673506
cat__hs_hometown_state_None,-0.009116768959229858,0.009116768959229858
cat__hs_school_fin_California Baptist,0.006997575854265061,0.006997575854265061
cat__hs_school_fin_Wofford,-0.006410189146486896,0.006410189146486896
cat__hs_school_fin_Harvard,-0.00628543728573336,0.00628543728573336
cat__hs_hometown_state_LA,0.005286851253251135,0.005286851253251135
cat__hs_school_fin_Stephen F. Austin,-0.0033685192387350816,0.0033685192387350816
cat__hs_school_fin_Robert Morris,-0.002654907047212319,0.002654907047212319
cat__hs_school_fin_Air Force,-0.002611437375253441,0.002611437375253441
cat__hs_school_fin_Boston College,0.0008192722599858566,0.0008192722599858566
cat__hs_school_fin_Delaware,8.790173242025328e-05,8.790173242025328e-05
